{"month":{"name":"April","index":"3","year":2022},"schedule":[{"1":{"dayname":"Monday","date":"Mar 28","airports":"Santiago (SCEL), Lima (SPJC), Alejandro Velasco Astete   (SPZO), Malvinas Argentinas  (SAWH), El Tepual  (SCTE)","input":"SCEL/SPJC/SPZO/SAWH/SCTE"},"2":{"dayname":"Tuesday","date":"Mar 29","airports":"London Heathrow  (EGLL), Jersey  (EGJJ), Edinburgh  (EGPH), London Gatwick  (EGKK), Dublin  (EIDW)","input":"EGLL/EGJJ/EGPH/EGKK/EIDW"},"3":{"dayname":"Wednesday","date":"Mar 30","airports":"Oceana Nas /Apollo Soucek Field/ Station (KNTU), Pensacola Naval Air Station/Forrest Sherman field (KNPA), Moody (KVAD), Charleston AFB (KCHS), Shaw Air Force Base (KSSC)","input":"KNTU/KNPA/KVAD/KCHS/KSSC"},"4":{"dayname":"Thursday","date":"Mar 31","airports":"Manila (RPLL), Antonio B. Won Pat   (PGUM), Kansai   (RJBB), Taiwan Taoyuan   (RCTP), Tokyo   (RJTT)","input":"RPLL/PGUM/RJBB/RCTP/RJTT"},"5":{"dayname":"Friday","date":"Apr 1","airports":"Vienna   (LOWW), Frankfurt (EDDF), Florence (LIRQ), Palma De Mallorca  (LEPA), Innsbruck  (LOWI)","input":"LOWW/EDDF/LIRQ/LEPA/LOWI"},"6":{"dayname":"Saturday","date":"Apr 2","airports":"Kelowna  (CYLW), Glacier Park   (KGPI), Gallatin Field (KBZN), Aspen (KASE), Jackson Hole  (KJAC)","input":"CYLW/KGPI/KBZN/KASE/KJAC"},"7":{"dayname":"Sunday","date":"Apr 3","airports":"Bogota (SKBO), Matecana   (SKPE), Jose Maria Cordova   (SKRG), Tocumen   (MPTO)","input":"SKBO/SKPE/SKRG/MPTO"},"tableID":"Week1","tableDiv":"tableDiv1"},{"1":{"dayname":"Monday","date":"Apr 4","airports":"Indira Gandhi   (VIDP), Chennai (VOMM), Kolkata (VECC), Tribhuvan   (VNKT), Cochin   (VOCI)","input":"VIDP/VOMM/VECC/VNKT/VOCI"},"2":{"dayname":"Tuesday","date":"Apr 5","airports":"Kotoka   (DGAA), Brussels  (EBBR), Saint Helena  (FHSH), Nnamdi Azikiwe   (DNAA), Angads  (GMFO)","input":"DGAA/EBBR/FHSH/DNAA/GMFO"},"3":{"dayname":"Wednesday","date":"Apr 6","airports":"George Bush Intercontinental Houston  (KIAH), Louis Armstrong New Orleans   (KMSY), William P Hobby  (KHOU), Tampa   (KTPA), Southwest Florida   (KRSW)","input":"KIAH/KMSY/KHOU/KTPA/KRSW"},"4":{"dayname":"Thursday","date":"Apr 7","airports":"Tallinn  (EETN), Stockholm-Arlanda  (ESSA), Riga   (EVRA), Berlin-Schonefeld   (EDDB), Vienna   (LOWW)","input":"EETN/ESSA/EVRA/EDDB/LOWW"},"5":{"dayname":"Friday","date":"Apr 8","airports":"Suvarnabhumi  (VTBS), Hanoi (VVNB), Chiang Mai   (VTCC), Incheon   (RKSI), Singapore Changi   (WSSS)","input":"VTBS/!Hanoi (VVNB)/VTCC/RKSI/WSSS"},"6":{"dayname":"Saturday","date":"Apr 9","airports":"Barcelona   (LEBL), Madrid Barajas   (LEMD), Palma De Mallorca  (LEPA), London Gatwick  (EGKK), Leonardo Da Vinci (Fiumicino)   (LIRF)","input":"LEBL/LEMD/LEPA/EGKK/LIRF"},"7":{"dayname":"Sunday","date":"Apr 10","airports":"Frankfurt (EDDF), Munich   (EDDM), Dubai   (OMDB), Los Angeles   (KLAX), Amsterdam  Schiphol (EHAM)","input":"EDDF/EDDM/OMDB/KLAX/EHAM"},"tableID":"Week2","tableDiv":"tableDiv2"},{"1":{"dayname":"Monday","date":"Apr 11","airports":"Chicago O'Hare   (KORD), Chicago Midway   (KMDW), Detroit Metropolitan Wayne County  (KDTW), Toronto Pearson (CYYZ), Minneapolis (KMSP)","input":"KORD/KMDW/KDTW/CYYZ/KMSP"},"2":{"dayname":"Tuesday","date":"Apr 12","airports":"Santos Dumont  (SBRJ), Salgado Filho  (SBPA), Rio de Janeiro Galeao (SBGL), Tancredo Neves   (SBCF), Pinto Martins   (SBFZ)","input":"SBRJ/SBPA/SBGL/SBCF/SBFZ"},"3":{"dayname":"Wednesday","date":"Apr 13","airports":"Mexico City (MMMX), Phoenix Sky Harbor   (KPHX), Los Cabos   (MMSD), Dallas Fort Worth   (KDFW), Licenciado Gustavo Diaz Ordaz   (MMPR)","input":"MMMX/KPHX/MMSD/KDFW/MMPR"},"4":{"dayname":"Thursday","date":"Apr 14","airports":"Islamabad   (OPIS), Jinnah   (OPKC), Abu Dhabi   (OMAA)","input":"OPIS/OPKC/OMAA"},"5":{"dayname":"Friday","date":"Apr 15","airports":"Athens (LGAV), Skiathos Island National  (LGSK), Kefallinia  (LGKF), Herkalion (LGIR), Larnaca   (LCLK)","input":"LGAV/LGSK/LGKF/LGIR/LCLK"},"6":{"dayname":"Saturday","date":"Apr 16","airports":"Johannesburg (FAOR), Addis Ababa (HAAB), Hamad   (OTHH), Istanbul  (LTFM), Jomo Kenyatta   (HKJK)","input":"FAOR/HAAB/OTHH/LTFM/HKJK"},"7":{"dayname":"Sunday","date":"Apr 17","airports":"San Francisco   (KSFO), Denver   (KDEN), Bob Hope  (KBUR), San Diego   (KSAN), Calgary   (CYYC)","input":"KSFO/KDEN/KBUR/KSAN/CYYC"},"tableID":"Week3","tableDiv":"tableDiv3"},{"1":{"dayname":"Monday","date":"Apr 18","airports":"Calgary   (CYYC), Kelowna  (CYLW), McCarran   (KLAS), Honolulu   (PHNL), Seattle Tacoma   (KSEA)","input":"CYYC/CYLW/KLAS/PHNL/KSEA"},"2":{"dayname":"Tuesday","date":"Apr 19","airports":"Auckland   (NZAA), Wellington   (NZWN), Christchurch   (NZCH), Dunedin  (NZDN)","input":"NZAA/NZWN/NZCH/NZDN"},"3":{"dayname":"Wednesday","date":"Apr 20","airports":"Jakarta (WIII), Manila (RPLL), Yogyakarta (WAHI), Iloilo   (RPVI), Kai Tak (VHHX)","input":"WIII/RPLL/WAHI/RPVI/VHHX"},"4":{"dayname":"Thursday","date":"Apr 21","airports":"Basel (LFSB), Nice-Cote d'Azur  (LFMN), London Heathrow  (EGLL), Charles de Gaulle   (LFPG), Ruzyne   (LKPR)","input":"LFSB/LFMN/EGLL/LFPG/LKPR"},"5":{"dayname":"Friday","date":"Apr 22","airports":"Lima (SPJC), Miami   (KMIA), Tocumen   (MPTO), Viru Viru   (SLVR), Nuevo Aeropuerto Internacional Mariscal Sucre (SEQM)","input":"SPJC/KMIA/MPTO/SLVR/SEQM"},"6":{"dayname":"Saturday","date":"Apr 23","airports":"Atlanta (KATL), Charleston AFB (KCHS), Charlotte Douglas   (KCLT)","input":"KATL/KCHS/KCLT"},"7":{"dayname":"Sunday","date":"Apr 24","airports":"Geneva (LSGG), Nice-Cote d'Azur  (LFMN), Zaragoza Air Base (LEZG), Berlin-Tegel   (EDDT), Ingolstadt Manching  (ETSI)","input":"LSGG/LFMN/LEZG/EDDT/ETSI"},"tableID":"Week4","tableDiv":"tableDiv4"},{"1":{"dayname":"Monday","date":"Apr 25","airports":"King Abdulaziz   (OEJN), Cairo   (HECA), Queen Alia   (OJAI), King Khaled   (OERK), Abu Dhabi   (OMAA)","input":"OEJN/HECA/OJAI/OERK/OMAA"},"2":{"dayname":"Tuesday","date":"Apr 26","airports":"Split  (LDSP), Vienna   (LOWW), Warsaw Chopin  (EPWA), Rotterdam  (EHRD), Sarajevo   (LQSA)","input":"LDSP/LOWW/EPWA/EHRD/LQSA"},"3":{"dayname":"Wednesday","date":"Apr 27","airports":"Tokyo   (RJTT), Fukuoka  (RJFF), Gimhae   (RKPK), Kansai   (RJBB), New Chitose  (RJCC)","input":"RJTT/RJFF/RKPK/RJBB/RJCC"},"4":{"dayname":"Thursday","date":"Apr 28","airports":"Sydney (YSSY), Perth   (YPPH), Melbourne   (YMML), Canberra   (YSCB), Alice Springs  (YBAS)","input":"YSSY/YPPH/YMML/YSCB/YBAS"},"5":{"dayname":"Friday","date":"Apr 29","airports":"Bergen  Flesland (ENBR), Stockholm-Arlanda  (ESSA), Copenhagen Kastrup  (EKCH), Oslo Gardermoen  (ENGM), Trondheim  Vaernes (ENVA)","input":"ENBR/ESSA/EKCH/ENGM/ENVA"},"6":{"dayname":"Saturday","date":"Apr 30","airports":"Philadelphia   (KPHL), Boston (KBOS), La Guardia  (KLGA), Washington National (KDCA), Tampa   (KTPA)","input":"KPHL/KBOS/KLGA/KDCA/KTPA"},"7":{"dayname":"Sunday","date":"May 1","airports":"Manila (RPLL), Davao City (RPMD), Cebu (RPVM), Diosdado Macapagal   (RPLC)","input":"RPLL/RPMD/RPVM/RPLC"},"tableID":"Week5","tableDiv":"tableDiv5"}],"dailySchedule":{"Mar28":[{"icao":"SCEL","name":"Santiago"},{"icao":"SPJC","name":"Lima"},{"icao":"SPZO","name":"Alejandro Velasco Astete"},{"icao":"SAWH","name":"Malvinas Argentinas"},{"icao":"SCTE","name":"El Tepual"}],"Mar29":[{"icao":"EGLL","name":"London Heathrow"},{"icao":"EGJJ","name":"Jersey"},{"icao":"EGPH","name":"Edinburgh"},{"icao":"EGKK","name":"London Gatwick"},{"icao":"EIDW","name":"Dublin"}],"Mar30":[{"icao":"KNTU","name":"Oceana Nas /Apollo Soucek Field/ Station"},{"icao":"KNPA","name":"Pensacola Naval Air Station/Forrest Sherman field"},{"icao":"KVAD","name":"Moody"},{"icao":"KCHS","name":"Charleston AFB"},{"icao":"KSSC","name":"Shaw Air Force Base"}],"Mar31":[{"icao":"RPLL","name":"Manila"},{"icao":"PGUM","name":"Antonio B. Won Pat"},{"icao":"RJBB","name":"Kansai"},{"icao":"RCTP","name":"Taiwan Taoyuan"},{"icao":"RJTT","name":"Tokyo"}],"Apr1":[{"icao":"LOWW","name":"Vienna"},{"icao":"EDDF","name":"Frankfurt"},{"icao":"LIRQ","name":"Florence"},{"icao":"LEPA","name":"Palma De Mallorca"},{"icao":"LOWI","name":"Innsbruck"}],"Apr2":[{"icao":"CYLW","name":"Kelowna"},{"icao":"KGPI","name":"Glacier Park"},{"icao":"KBZN","name":"Gallatin Field"},{"icao":"KASE","name":"Aspen"},{"icao":"KJAC","name":"Jackson Hole"}],"Apr3":[{"icao":"SKBO","name":"Bogota"},{"icao":"SKPE","name":"Matecana"},{"icao":"SKRG","name":"Jose Maria Cordova"},{"icao":"MPTO","name":"Tocumen"}],"Apr4":[{"icao":"VIDP","name":"Indira Gandhi"},{"icao":"VOMM","name":"Chennai"},{"icao":"VECC","name":"Kolkata"},{"icao":"VNKT","name":"Tribhuvan"},{"icao":"VOCI","name":"Cochin"}],"Apr5":[{"icao":"DGAA","name":"Kotoka"},{"icao":"EBBR","name":"Brussels"},{"icao":"FHSH","name":"Saint Helena"},{"icao":"DNAA","name":"Nnamdi Azikiwe"},{"icao":"GMFO","name":"Angads"}],"Apr6":[{"icao":"KIAH","name":"George Bush Intercontinental Houston"},{"icao":"KMSY","name":"Louis Armstrong New Orleans"},{"icao":"KHOU","name":"William P Hobby"},{"icao":"KTPA","name":"Tampa"},{"icao":"KRSW","name":"Southwest Florida"}],"Apr7":[{"icao":"EETN","name":"Tallinn"},{"icao":"ESSA","name":"Stockholm-Arlanda"},{"icao":"EVRA","name":"Riga"},{"icao":"EDDB","name":"Berlin-Schonefeld"},{"icao":"LOWW","name":"Vienna"}],"Apr8":[{"icao":"VTBS","name":"Suvarnabhumi"},{"icao":"VVNB","name":"Hanoi"},{"icao":"VTCC","name":"Chiang Mai"},{"icao":"RKSI","name":"Incheon"},{"icao":"WSSS","name":"Singapore Changi"}],"Apr9":[{"icao":"LEBL","name":"Barcelona"},{"icao":"LEMD","name":"Madrid Barajas"},{"icao":"LEPA","name":"Palma De Mallorca"},{"icao":"EGKK","name":"London Gatwick"},{"icao":"Fiumicino","name":"Leonardo Da Vinci"}],"Apr10":[{"icao":"EDDF","name":"Frankfurt"},{"icao":"EDDM","name":"Munich"},{"icao":"OMDB","name":"Dubai"},{"icao":"KLAX","name":"Los Angeles"},{"icao":"EHAM","name":"Amsterdam  Schiphol"}],"Apr11":[{"icao":"KORD","name":"Chicago O'Hare"},{"icao":"KMDW","name":"Chicago Midway"},{"icao":"KDTW","name":"Detroit Metropolitan Wayne County"},{"icao":"CYYZ","name":"Toronto Pearson"},{"icao":"KMSP","name":"Minneapolis"}],"Apr12":[{"icao":"SBRJ","name":"Santos Dumont"},{"icao":"SBPA","name":"Salgado Filho"},{"icao":"SBGL","name":"Rio de Janeiro Galeao"},{"icao":"SBCF","name":"Tancredo Neves"},{"icao":"SBFZ","name":"Pinto Martins"}],"Apr13":[{"icao":"MMMX","name":"Mexico City"},{"icao":"KPHX","name":"Phoenix Sky Harbor"},{"icao":"MMSD","name":"Los Cabos"},{"icao":"KDFW","name":"Dallas Fort Worth"},{"icao":"MMPR","name":"Licenciado Gustavo Diaz Ordaz"}],"Apr14":[{"icao":"OPIS","name":"Islamabad"},{"icao":"OPKC","name":"Jinnah"},{"icao":"OMAA","name":"Abu Dhabi"}],"Apr15":[{"icao":"LGAV","name":"Athens"},{"icao":"LGSK","name":"Skiathos Island National"},{"icao":"LGKF","name":"Kefallinia"},{"icao":"LGIR","name":"Herkalion"},{"icao":"LCLK","name":"Larnaca"}],"Apr16":[{"icao":"FAOR","name":"Johannesburg"},{"icao":"HAAB","name":"Addis Ababa"},{"icao":"OTHH","name":"Hamad"},{"icao":"LTFM","name":"Istanbul"},{"icao":"HKJK","name":"Jomo Kenyatta"}],"Apr17":[{"icao":"KSFO","name":"San Francisco"},{"icao":"KDEN","name":"Denver"},{"icao":"KBUR","name":"Bob Hope"},{"icao":"KSAN","name":"San Diego"},{"icao":"CYYC","name":"Calgary"}],"Apr18":[{"icao":"CYYC","name":"Calgary"},{"icao":"CYLW","name":"Kelowna"},{"icao":"KLAS","name":"McCarran"},{"icao":"PHNL","name":"Honolulu"},{"icao":"KSEA","name":"Seattle Tacoma"}],"Apr19":[{"icao":"NZAA","name":"Auckland"},{"icao":"NZWN","name":"Wellington"},{"icao":"NZCH","name":"Christchurch"},{"icao":"NZDN","name":"Dunedin"}],"Apr20":[{"icao":"WIII","name":"Jakarta"},{"icao":"RPLL","name":"Manila"},{"icao":"WAHI","name":"Yogyakarta"},{"icao":"RPVI","name":"Iloilo"},{"icao":"VHHX","name":"Kai Tak"}],"Apr21":[{"icao":"LFSB","name":"Basel"},{"icao":"LFMN","name":"Nice-Cote d'Azur"},{"icao":"EGLL","name":"London Heathrow"},{"icao":"LFPG","name":"Charles de Gaulle"},{"icao":"LKPR","name":"Ruzyne"}],"Apr22":[{"icao":"SPJC","name":"Lima"},{"icao":"KMIA","name":"Miami"},{"icao":"MPTO","name":"Tocumen"},{"icao":"SLVR","name":"Viru Viru"},{"icao":"SEQM","name":"Nuevo Aeropuerto Internacional Mariscal Sucre"}],"Apr23":[{"icao":"KATL","name":"Atlanta"},{"icao":"KCHS","name":"Charleston AFB"},{"icao":"KCLT","name":"Charlotte Douglas"}],"Apr24":[{"icao":"LSGG","name":"Geneva"},{"icao":"LFMN","name":"Nice-Cote d'Azur"},{"icao":"LEZG","name":"Zaragoza Air Base"},{"icao":"EDDT","name":"Berlin-Tegel"},{"icao":"ETSI","name":"Ingolstadt Manching"}],"Apr25":[{"icao":"OEJN","name":"King Abdulaziz"},{"icao":"HECA","name":"Cairo"},{"icao":"OJAI","name":"Queen Alia"},{"icao":"OERK","name":"King Khaled"},{"icao":"OMAA","name":"Abu Dhabi"}],"Apr26":[{"icao":"LDSP","name":"Split"},{"icao":"LOWW","name":"Vienna"},{"icao":"EPWA","name":"Warsaw Chopin"},{"icao":"EHRD","name":"Rotterdam"},{"icao":"LQSA","name":"Sarajevo"}],"Apr27":[{"icao":"RJTT","name":"Tokyo"},{"icao":"RJFF","name":"Fukuoka"},{"icao":"RKPK","name":"Gimhae"},{"icao":"RJBB","name":"Kansai"},{"icao":"RJCC","name":"New Chitose"}],"Apr28":[{"icao":"YSSY","name":"Sydney"},{"icao":"YPPH","name":"Perth"},{"icao":"YMML","name":"Melbourne"},{"icao":"YSCB","name":"Canberra"},{"icao":"YBAS","name":"Alice Springs"}],"Apr29":[{"icao":"ENBR","name":"Bergen  Flesland"},{"icao":"ESSA","name":"Stockholm-Arlanda"},{"icao":"EKCH","name":"Copenhagen Kastrup"},{"icao":"ENGM","name":"Oslo Gardermoen"},{"icao":"ENVA","name":"Trondheim  Vaernes"}],"Apr30":[{"icao":"KPHL","name":"Philadelphia"},{"icao":"KBOS","name":"Boston"},{"icao":"KLGA","name":"La Guardia"},{"icao":"KDCA","name":"Washington National"},{"icao":"KTPA","name":"Tampa"}],"May1":[{"icao":"RPLL","name":"Manila"},{"icao":"RPMD","name":"Davao City"},{"icao":"RPVM","name":"Cebu"},{"icao":"RPLC","name":"Diosdado Macapagal"}]}}