{"month":{"name":"February","index":"1","year":2022},"schedule":[{"1":{"dayname":"Monday","date":"Jan 31","airports":"Munich   (EDDM), Frankfurt (EDDF), Dusseldorf   (EDDL), Brussels  (EBBR)","input":"EDDM/EDDF/EDDL/EBBR"},"2":{"dayname":"Tuesday","date":"Feb 1","airports":"Mexico City (MMMX), Sao Paulo Guarulhos (SBGR), Cancun   (MMUN)","input":"MMMX/SBGR/MMUN"},"3":{"dayname":"Wednesday","date":"Feb 2","airports":"Newark Liberty   (KEWR), Washington Dulles   (KIAD), San Francisco   (KSFO), George Bush Intercontinental Houston  (KIAH), Denver   (KDEN)","input":"KEWR/KIAD/KSFO/KIAH/KDEN"},"4":{"dayname":"Thursday","date":"Feb 3","airports":"Cape Town   (FACT), Johannesburg (FAOR), Addis Ababa (HAAB), Quatro De Fevereiro  (FNLU), Kigali   (HRYR)","input":"FACT/FAOR/HAAB/FNLU/HRYR"},"5":{"dayname":"Friday","date":"Feb 4","airports":"Friday Night Flight TBD","input":"FNF"},"6":{"dayname":"Saturday","date":"Feb 5","airports":"Auckland   (NZAA), Brisbane   (YBBN), Sydney (YSSY), Adelaide   (YPAD), Alice Springs  (YBAS)","input":"NZAA/YBBN/YSSY/YPAD/YBAS"},"7":{"dayname":"Sunday","date":"Feb 6","airports":"Madrid Barajas   (LEMD), Leon  (LELN), Geneva (LSGG), Palma De Mallorca  (LEPA), Madeira  (LPMA)","input":"LEMD/LELN/LSGG/LEPA/LPMA"},"tableID":"Week1","tableDiv":"tableDiv1"},{"1":{"dayname":"Monday","date":"Feb 7","airports":"Beijing Capital   (ZBAA), Chengdu Shuangliu   (ZUUU), Shanghai Pudong   (ZSPD), Singapore Changi   (WSSS), Jakarta (WIII)","input":"ZBAA/ZUUU/ZSPD/WSSS/WIII"},"2":{"dayname":"Tuesday","date":"Feb 8","airports":"Toronto Pearson (CYYZ), Ottawa Macdonald-Cartier   (CYOW), Saskatoon John G. Diefenbaker   (CYXE), Kelowna  (CYLW)","input":"CYYZ/CYOW/CYXE/CYLW"},"3":{"dayname":"Wednesday","date":"Feb 9","airports":"Dubai   (OMDB), Bahrain   (OBBI), Islamabad   (OPIS), Jinnah   (OPKC), Mumbai (VABB)","input":"OMDB/OBBI/OPIS/OPKC/VABB"},"4":{"dayname":"Thursday","date":"Feb 10","airports":"Phoenix Sky Harbor   (KPHX), San Diego   (KSAN), Seattle Tacoma   (KSEA), John Wayne -Orange County  (KSNA), Boise Air Terminal/Gowen field (KBOI)","input":"KPHX/KSAN/KSEA/KSNA/KBOI"},"5":{"dayname":"Friday","date":"Feb 11","airports":"Friday Night Flight TBD","input":""},"6":{"dayname":"Saturday","date":"Feb 12","airports":"Kotoka   (DGAA), Nnamdi Azikiwe   (DNAA), Addis Ababa (HAAB), Johannesburg (FAOR), Istanbul  (LTFM)","input":"DGAA/DNAA/HAAB/FAOR/LTFM"},"7":{"dayname":"Sunday","date":"Feb 13","airports":"Eindhoven  (EHEH), Dublin  (EIDW), Athens (LGAV), London Stansted  (EGSS)","input":"EHEH/EIDW/LGAV/EGSS"},"tableID":"Week2","tableDiv":"tableDiv2"},{"1":{"dayname":"Monday","date":"Feb 14","airports":"Innsbruck  (LOWI), Amsterdam  Schiphol (EHAM), Bristol   (EGGD), Stockholm-Arlanda  (ESSA), London City  (EGLC)","input":"LOWI/EHAM/EGGD/ESSA/EGLC"},"2":{"dayname":"Tuesday","date":"Feb 15","airports":"Atlanta (KATL), Denver   (KDEN), Southwest Florida   (KRSW), McCarran   (KLAS), Minneapolis (KMSP)","input":"KATL/KDEN/KRSW/KLAS/!Minneapolis (KMSP)"},"3":{"dayname":"Wednesday","date":"Feb 16","airports":"Kai Tak (VHHX), Beijing Capital   (ZBAA), Los Angeles   (KLAX), Charles de Gaulle   (LFPG), London Heathrow  (EGLL)","input":"VHHX/ZBAA/KLAX/LFPG/EGLL"},"4":{"dayname":"Thursday","date":"Feb 17","airports":"Stewart   (KSWF), Nellis Air Force Base (KLSV), Andrews Air Force Base (KADW), Mc Guire Air Force Base (KWRI), China Lake Naws (Armitage Field)  (KNID)","input":"KSWF/KLSV/KADW/KWRI/KNID"},"5":{"dayname":"Friday","date":"Feb 18","airports":"Friday Night Flight TBD","input":"FNF"},"6":{"dayname":"Saturday","date":"Feb 19","airports":"Leeds Bradford  (EGNM), Bratislava (LZIB), Skiathos Island National  (LGSK), Herkalion (LGIR), Split  (LDSP)","input":"EGNM/LZIB/LGSK/LGIR/LDSP"},"7":{"dayname":"Sunday","date":"Feb 20","airports":"Florence (LIRQ), Frankfurt (EDDF), Madrid Barajas   (LEMD), Brussels  (EBBR), Geneva (LSGG)","input":"LIRQ/EDDF/LEMD/EBBR/LSGG"},"tableID":"Week3","tableDiv":"tableDiv3"},{"1":{"dayname":"Monday","date":"Feb 21","airports":"Sydney (YSSY), Melbourne   (YMML), Coffs Harbour (YCFS), Canberra   (YSCB)","input":"!Sydney (YSSY)/YMML/YCFS/YSCB"},"2":{"dayname":"Tuesday","date":"Feb 22","airports":"Fort Worth Alliance  (KAFW), Memphis   (KMEM), Metropolitan Oakland   (KOAK)","input":"KAFW/KMEM/KOAK"},"3":{"dayname":"Wednesday","date":"Feb 23","airports":"Kuala Lumpur   (WMKK), Sultan Azlan Shah  (WMKI), Tawau  (WBKW), Singapore Changi   (WSSS)","input":"WMKK/WMKI/WBKW/WSSS"},"4":{"dayname":"Thursday","date":"Feb 24","airports":"Copenhagen Kastrup  (EKCH), Stockholm-Arlanda  (ESSA), Bergen  Flesland (ENBR), Bristol   (EGGD)","input":"EKCH/ESSA/ENBR/EGGD"},"5":{"dayname":"Friday","date":"Feb 25","airports":"Friday Night Flight TBD","input":"FNF"},"6":{"dayname":"Saturday","date":"Feb 26","airports":"Sao Paulo Guarulhos (SBGR), Rio de Janeiro Galeao (SBGL), Viru Viru   (SLVR), Guararapes - Gilberto Freyre   (SBRF), Salgado Filho  (SBPA)","input":"SBGR/SBGL/SLVR/SBRF/SBPA"},"7":{"dayname":"Sunday","date":"Feb 27","airports":"Seattle Tacoma   (KSEA), Glacier Park   (KGPI), McCarran   (KLAS), Salt Lake City   (KSLC)","input":"KSEA/KGPI/KLAS/KSLC"},"tableID":"Week4","tableDiv":"tableDiv4"},{"1":{"dayname":"Monday","date":"Feb 28","airports":"Honolulu   (PHNL), Lihue  (PHLI), Kona (PHKO), Los Angeles   (KLAX), San Jose (KSJC)","input":"PHNL/PHLI/PHKO/KLAX/KSJC"},"2":{"dayname":"Tuesday","date":"Mar 1","airports":"Manila (RPLL), Iloilo   (RPVI), Cebu (RPVM), Kai Tak (VHHX)","input":"RPLL/RPVI/RPVM/VHHX"},"3":{"dayname":"Wednesday","date":"Mar 2","airports":"Menara  (GMMX), Porto (LPPR), Dublin  (EIDW), Brussels  (EBBR)","input":"GMMX/LPPR/EIDW/EBBR"},"4":{"dayname":"Thursday","date":"Mar 3","airports":"Moscow Domodedovo (UUDD), St. Petersburg (ULLI), Sochi   (URSS), Baku (UBBB)","input":"!Moscow Domodedovo (UUDD)/!St. Petersburg (ULLI)/URSS/!Baku (UBBB)"},"5":{"dayname":"Friday","date":"Mar 4","airports":"Friday Night Flight TBD","input":"FNF"},"6":{"dayname":"Saturday","date":"Mar 5","airports":"Keflavik   (BIKF), Toronto Pearson (CYYZ), Washington Dulles   (KIAD), Boston (KBOS), London Gatwick  (EGKK)","input":"BIKF/CYYZ/KIAD/KBOS/EGKK"},"7":{"dayname":"Sunday","date":"Mar 6","airports":"Atlanta (KATL), Daytona Beach   (KDAB), Charlotte Douglas   (KCLT), Myrtle Beach   (KMYR), Washington National (KDCA)","input":"KATL/KDAB/KCLT/KMYR/KDCA"},"tableID":"Week5","tableDiv":"tableDiv5"}],"dailySchedule":{"Jan31":[{"icao":"EDDM","name":"Munich"},{"icao":"EDDF","name":"Frankfurt"},{"icao":"EDDL","name":"Dusseldorf"},{"icao":"EBBR","name":"Brussels"}],"Feb1":[{"icao":"MMMX","name":"Mexico City"},{"icao":"SBGR","name":"Sao Paulo Guarulhos"},{"icao":"MMUN","name":"Cancun"}],"Feb2":[{"icao":"KEWR","name":"Newark Liberty"},{"icao":"KIAD","name":"Washington Dulles"},{"icao":"KSFO","name":"San Francisco"},{"icao":"KIAH","name":"George Bush Intercontinental Houston"},{"icao":"KDEN","name":"Denver"}],"Feb3":[{"icao":"FACT","name":"Cape Town"},{"icao":"FAOR","name":"Johannesburg"},{"icao":"HAAB","name":"Addis Ababa"},{"icao":"FNLU","name":"Quatro De Fevereiro"},{"icao":"HRYR","name":"Kigali"}],"Feb4":[{"icao":"FNF","name":"Friday Night Flight"}],"Feb5":[{"icao":"NZAA","name":"Auckland"},{"icao":"YBBN","name":"Brisbane"},{"icao":"YSSY","name":"Sydney"},{"icao":"YPAD","name":"Adelaide"},{"icao":"YBAS","name":"Alice Springs"}],"Feb6":[{"icao":"LEMD","name":"Madrid Barajas"},{"icao":"LELN","name":"Leon"},{"icao":"LSGG","name":"Geneva"},{"icao":"LEPA","name":"Palma De Mallorca"},{"icao":"LPMA","name":"Madeira"}],"Feb7":[{"icao":"ZBAA","name":"Beijing Capital"},{"icao":"ZUUU","name":"Chengdu Shuangliu"},{"icao":"ZSPD","name":"Shanghai Pudong"},{"icao":"WSSS","name":"Singapore Changi"},{"icao":"WIII","name":"Jakarta"}],"Feb8":[{"icao":"CYYZ","name":"Toronto Pearson"},{"icao":"CYOW","name":"Ottawa Macdonald-Cartier"},{"icao":"CYXE","name":"Saskatoon John G. Diefenbaker"},{"icao":"CYLW","name":"Kelowna"}],"Feb9":[{"icao":"OMDB","name":"Dubai"},{"icao":"OBBI","name":"Bahrain"},{"icao":"OPIS","name":"Islamabad"},{"icao":"OPKC","name":"Jinnah"},{"icao":"VABB","name":"Mumbai"}],"Feb10":[{"icao":"KPHX","name":"Phoenix Sky Harbor"},{"icao":"KSAN","name":"San Diego"},{"icao":"KSEA","name":"Seattle Tacoma"},{"icao":"KSNA","name":"John Wayne -Orange County"},{"icao":"KBOI","name":"Boise Air Terminal/Gowen field"}],"Feb11":[{"icao":"FNF","name":"Friday Night Flight"}],"Feb12":[{"icao":"DGAA","name":"Kotoka"},{"icao":"DNAA","name":"Nnamdi Azikiwe"},{"icao":"HAAB","name":"Addis Ababa"},{"icao":"FAOR","name":"Johannesburg"},{"icao":"LTFM","name":"Istanbul"}],"Feb13":[{"icao":"EHEH","name":"Eindhoven"},{"icao":"EIDW","name":"Dublin"},{"icao":"LGAV","name":"Athens"},{"icao":"EGSS","name":"London Stansted"}],"Feb14":[{"icao":"LOWI","name":"Innsbruck"},{"icao":"EHAM","name":"Amsterdam  Schiphol"},{"icao":"EGGD","name":"Bristol"},{"icao":"ESSA","name":"Stockholm-Arlanda"},{"icao":"EGLC","name":"London City"}],"Feb15":[{"icao":"KATL","name":"Atlanta"},{"icao":"KDEN","name":"Denver"},{"icao":"KRSW","name":"Southwest Florida"},{"icao":"KLAS","name":"McCarran"},{"icao":"KMSP","name":"Minneapolis"}],"Feb16":[{"icao":"VHHX","name":"Kai Tak"},{"icao":"ZBAA","name":"Beijing Capital"},{"icao":"KLAX","name":"Los Angeles"},{"icao":"LFPG","name":"Charles de Gaulle"},{"icao":"EGLL","name":"London Heathrow"}],"Feb17":[{"icao":"KSWF","name":"Stewart"},{"icao":"KLSV","name":"Nellis Air Force Base"},{"icao":"KADW","name":"Andrews Air Force Base"},{"icao":"KWRI","name":"Mc Guire Air Force Base"},{"icao":"Armitage Field","name":"China Lake Naws"}],"Feb18":[{"icao":"FNF","name":"Friday Night Flight"}],"Feb19":[{"icao":"EGNM","name":"Leeds Bradford"},{"icao":"LZIB","name":"Bratislava"},{"icao":"LGSK","name":"Skiathos Island National"},{"icao":"LGIR","name":"Herkalion"},{"icao":"LDSP","name":"Split"}],"Feb20":[{"icao":"LIRQ","name":"Florence"},{"icao":"EDDF","name":"Frankfurt"},{"icao":"LEMD","name":"Madrid Barajas"},{"icao":"EBBR","name":"Brussels"},{"icao":"LSGG","name":"Geneva"}],"Feb21":[{"icao":"YSSY","name":"Sydney"},{"icao":"YMML","name":"Melbourne"},{"icao":"YCFS","name":"Coffs Harbour"},{"icao":"YSCB","name":"Canberra"}],"Feb22":[{"icao":"KAFW","name":"Fort Worth Alliance"},{"icao":"KMEM","name":"Memphis"},{"icao":"KOAK","name":"Metropolitan Oakland"}],"Feb23":[{"icao":"WMKK","name":"Kuala Lumpur"},{"icao":"WMKI","name":"Sultan Azlan Shah"},{"icao":"WBKW","name":"Tawau"},{"icao":"WSSS","name":"Singapore Changi"}],"Feb24":[{"icao":"EKCH","name":"Copenhagen Kastrup"},{"icao":"ESSA","name":"Stockholm-Arlanda"},{"icao":"ENBR","name":"Bergen  Flesland"},{"icao":"EGGD","name":"Bristol"}],"Feb25":[{"icao":"FNF","name":"Friday Night Flight"}],"Feb26":[{"icao":"SBGR","name":"Sao Paulo Guarulhos"},{"icao":"SBGL","name":"Rio de Janeiro Galeao"},{"icao":"SLVR","name":"Viru Viru"},{"icao":"SBRF","name":"Guararapes - Gilberto Freyre"},{"icao":"SBPA","name":"Salgado Filho"}],"Feb27":[{"icao":"KSEA","name":"Seattle Tacoma"},{"icao":"KGPI","name":"Glacier Park"},{"icao":"KLAS","name":"McCarran"},{"icao":"KSLC","name":"Salt Lake City"}],"Feb28":[{"icao":"PHNL","name":"Honolulu"},{"icao":"PHLI","name":"Lihue"},{"icao":"PHKO","name":"Kona"},{"icao":"KLAX","name":"Los Angeles"},{"icao":"KSJC","name":"San Jose"}],"Mar1":[{"icao":"RPLL","name":"Manila"},{"icao":"RPVI","name":"Iloilo"},{"icao":"RPVM","name":"Cebu"},{"icao":"VHHX","name":"Kai Tak"}],"Mar2":[{"icao":"GMMX","name":"Menara"},{"icao":"LPPR","name":"Porto"},{"icao":"EIDW","name":"Dublin"},{"icao":"EBBR","name":"Brussels"}],"Mar3":[{"icao":"UUDD","name":"Moscow Domodedovo"},{"icao":"ULLI","name":"St. Petersburg"},{"icao":"URSS","name":"Sochi"},{"icao":"UBBB","name":"Baku"}],"Mar4":[{"icao":"FNF","name":"Friday Night Flight"}],"Mar5":[{"icao":"BIKF","name":"Keflavik"},{"icao":"CYYZ","name":"Toronto Pearson"},{"icao":"KIAD","name":"Washington Dulles"},{"icao":"KBOS","name":"Boston"},{"icao":"EGKK","name":"London Gatwick"}],"Mar6":[{"icao":"KATL","name":"Atlanta"},{"icao":"KDAB","name":"Daytona Beach"},{"icao":"KCLT","name":"Charlotte Douglas"},{"icao":"KMYR","name":"Myrtle Beach"},{"icao":"KDCA","name":"Washington National"}]}}