{"month":{"name":"Janaury","index":"0","year":2022},"schedule":[{"1":{"dayname":"Monday","date":"Dec 27","airports":"Riga   (EVRA), Amsterdam  Schiphol (EHAM), Brussels  (EBBR), London Gatwick  (EGKK), Geneva (LSGG)","input":"EVRA/EHAM/EBBR/EGKK/LSGG"},"2":{"dayname":"Tuesday","date":"Dec 28","airports":"Singapore Changi   (WSSS), Jakarta (WIII), Manila (RPLL), Kuala Lumpur   (WMKK), Yogyakarta (WAHI)","input":"WSSS/WIII/RPLL/WMKK/WAHI"},"3":{"dayname":"Wednesday","date":"Dec 29","airports":"Charlotte Douglas   (KCLT), Myrtle Beach   (KMYR), Washington National (KDCA)","input":"KCLT/KMYR/KDCA"},"4":{"dayname":"Thursday","date":"Dec 30","airports":"Rotterdam  (EHRD), Edinburgh  (EGPH), Palma De Mallorca  (LEPA)","input":"EHRD/EGPH/LEPA"},"5":{"dayname":"Friday","date":"Dec 31","airports":"Friday Night Flight TBD","input":"FNF"},"6":{"dayname":"Saturday","date":"Jan 1","airports":"Auckland   (NZAA), Queenstown   (NZQN), Dunedin  (NZDN), Tahiti (NTAA)","input":"NZAA/NZQN/NZDN/NTAA"},"7":{"dayname":"Sunday","date":"Jan 2","airports":"Keflavik   (BIKF), Washington Dulles   (KIAD), Dublin  (EIDW), &nbsp;Boston (KBOS), Munich   (EDDM)","input":"BIKF/KIAD/EIDW/KBOS/EDDM"},"tableID":"Week1","tableDiv":"tableDiv1"},{"1":{"dayname":"Monday","date":"Jan 3","airports":"GA Day by Infinite Flight","input":"!GA Day by Infinite Flight"},"2":{"dayname":"Tuesday","date":"Jan 4","airports":"Kigali   (HRYR), Cairo   (HECA), Addis Ababa (HAAB), Brussels  (EBBR), Kilimanjaro   (HTKJ)","input":"HRYR/HECA/HAAB/EBBR/HTKJ"},"3":{"dayname":"Wednesday","date":"Jan 5","airports":"Luis Munoz Marin   (TJSJ), Orlando   (KMCO), Las Americas   (MDSD), Punta Cana   (MDPC), Miami   (KMIA)","input":"TJSJ/KMCO/MDSD/MDPC/KMIA"},"4":{"dayname":"Thursday","date":"Jan 6","airports":"Beijing Capital   (ZBAA), Shenzhen Bao'an   (ZGSZ), Shanghai Hongqiao   (ZSSS), Kaohsiung   (RCKH), Tokyo   (RJTT)","input":"ZBAA/ZGSZ/ZSSS/RCKH/RJTT"},"5":{"dayname":"Friday","date":"Jan 7","airports":"Friday Night Flight TBD","input":"FNF"},"6":{"dayname":"Saturday","date":"Jan 8","airports":"Madrid Barajas   (LEMD), Palma De Mallorca  (LEPA), Porto (LPPR)","input":"LEMD/LEPA/!Porto (LPPR)"},"7":{"dayname":"Sunday","date":"Jan 9","airports":"Madrid Barajas   (LEMD), Barcelona   (LEBL), Frankfurt (EDDF)","input":"LEMD/LEBL/EDDF"},"tableID":"Week2","tableDiv":"tableDiv2"},{"1":{"dayname":"Monday","date":"Jan 10","airports":"Mexico City (MMMX), Xoxocotlan   (MMOX), Cancun   (MMUN), Tijuana (MMTJ), Los Cabos   (MMSD)","input":"MMMX/MMOX/MMUN/!Tijuana (MMTJ)/MMSD"},"2":{"dayname":"Tuesday","date":"Jan 11","airports":"Mumbai (VABB), Hamad   (OTHH), Cochin   (VOCI), Kolkata (VECC), Indira Gandhi   (VIDP)","input":"VABB/OTHH/VOCI/VECC/VIDP"},"3":{"dayname":"Wednesday","date":"Jan 12","airports":"Centennial  (KAPA), Aspen (KASE), Grand Canyon National Park  (KGCN)","input":"KAPA/KASE/KGCN"},"4":{"dayname":"Thursday","date":"Jan 13","airports":"Adelaide   (YPAD), Sydney&nbsp; (YSSY), Canberra   (YSCB)","input":"YPAD/YSSY/YSCB"},"5":{"dayname":"Friday","date":"Jan 14","airports":"Friday Night Flight TBD","input":"FNF"},"6":{"dayname":"Saturday","date":"Jan 15","airports":"Toronto Pearson (CYYZ), London Gatwick  (EGKK), Zurich  (LSZH)","input":"CYYZ/EGKK/LSZH"},"7":{"dayname":"Sunday","date":"Jan 16","airports":"Toronto Pearson (CYYZ), La Guardia  (KLGA), Denver   (KDEN)","input":"CYYZ/KLGA/KDEN"},"tableID":"Week3","tableDiv":"tableDiv3"},{"1":{"dayname":"Monday","date":"Jan 17","airports":"Istanbul  (LTFM), Athens (LGAV), Sochi   (URSS), Beirut Rafic Hariri   (OLBA), Antalya   (LTAI)","input":"LTFM/!Athens (LGAV)/URSS/OLBA/LTAI"},"2":{"dayname":"Tuesday","date":"Jan 18","airports":"McCarran   (KLAS), Phoenix Sky Harbor   (KPHX), Seattle Tacoma   (KSEA), Chicago O'Hare   (KORD), San Diego   (KSAN)","input":"KLAS/KPHX/KSEA/KORD/KSAN"},"3":{"dayname":"Wednesday","date":"Jan 19","airports":"Singapore Changi   (WSSS), Kuala Lumpur   (WMKK), Suvarnabhumi  (VTBS), Phuket   (VTSP), Macau   (VMMC)","input":"WSSS/WMKK/VTBS/VTSP/VMMC"},"4":{"dayname":"Thursday","date":"Jan 20","airports":"London Stansted  (EGSS), Genoa(LIMJ), Edinburgh  (EGPH), Dublin  (EIDW)","input":"EGSS/!Genoa(LIMJ)/EGPH/EIDW"},"5":{"dayname":"Friday","date":"Jan 21","airports":"Friday Night Flight TBD","input":"FNF"},"6":{"dayname":"Saturday","date":"Jan 22","airports":"Honolulu   (PHNL), Kahului  (PHOG), Hilo   (PHTO)","input":"PHNL/PHOG/PHTO"},"7":{"dayname":"Sunday","date":"Jan 23","airports":"Santiago (SCEL), Lima (SPJC), Sao Paulo Guarulhos (SBGR)","input":"SCEL/SPJC/SBGR"},"tableID":"Week4","tableDiv":"tableDiv4"},{"1":{"dayname":"Monday","date":"Jan 24","airports":"Innsbruck  (LOWI), Amsterdam  Schiphol (EHAM), Bristol   (EGGD), Stockholm-Arlanda  (ESSA), London City  (EGLC)","input":"LOWI/EHAM/EGGD/ESSA/EGLC"},"2":{"dayname":"Tuesday","date":"Jan 25","airports":"Stewart   (KSWF), Myrtle Beach   (KMYR), Andrews Air Force Base (KADW), Mc Guire Air Force Base (KWRI)","input":"KSWF/KMYR/KADW/KWRI"},"3":{"dayname":"Wednesday","date":"Jan 26","airports":"Honolulu   (PHNL), Lihue  (PHLI), Kona (PHKO), Los Angeles   (KLAX), Norman Y. Mineta San Jose   (KSJC)","input":"PHNL/PHLI/!Kona (PHKO)/KLAX/KSJC"},"4":{"dayname":"Thursday","date":"Jan 27","airports":"Cape Town   (FACT), Johannesburg (FAOR), Addis Ababa (HAAB)","input":"FACT/FAOR/HAAB"},"5":{"dayname":"Friday","date":"Jan 28","airports":"Friday Night Flight TBD","input":"FNF"},"6":{"dayname":"Saturday","date":"Jan 29","airports":"Leeds Bradford  (EGNM), Bratislava (LZIB), Skiathos Island National  (LGSK), Herkalion (LGIR)","input":"EGNM/!Bratislava (LZIB)/LGSK/LGIR"},"7":{"dayname":"Sunday","date":"Jan 30","airports":"Florence (LIRQ), Frankfurt (EDDF), Madrid Barajas   (LEMD), Brussels  (EBBR), Geneva (LSGG)","input":"LIRQ/EDDF/LEMD/EBBR/LSGG"},"tableID":"Week5","tableDiv":"tableDiv5"},{"1":{"dayname":"Monday","date":"Jan 31","airports":"Sydney&nbsp; (YSSY), Melbourne   (YMML), Coffs Harbour (YCFS)","input":"YSSY/YMML/!Coffs Harbour (YCFS)"},"2":{"dayname":"Tuesday","date":"Feb 1","airports":"Fort Worth Alliance  (KAFW), Memphis   (KMEM), Metropolitan Oakland   (KOAK)","input":"KAFW/KMEM/KOAK"},"3":{"dayname":"Wednesday","date":"Feb 2","airports":"Kuala Lumpur   (WMKK), Sultan Azlan Shah  (WMKI), Tawau  (WBKW), Singapore Changi   (WSSS)","input":"WMKK/WMKI/WBKW/WSSS"},"4":{"dayname":"Thursday","date":"Feb 3","airports":"Copenagen (EKCH), Stockholm-Arlanda  (ESSA), Bergen  Flesland (ENBR)","input":"!Copenagen (EKCH)/ESSA/ENBR"},"5":{"dayname":"Friday","date":"Feb 4","airports":"Friday Night Flight TBD","input":"FNF"},"6":{"dayname":"Saturday","date":"Feb 5","airports":"Sao Paulo Guarulhos (SBGR), Rio de Janeiro Galeao (SBGL), Viru Viru   (SLVR), Guararapes - Gilberto Freyre   (SBRF), Salgado (SBPA)","input":"SBGR/SBGL/SLVR/SBRF/!Salgado (SBPA)"},"7":{"dayname":"Sunday","date":"Feb 6","airports":"Seattle Tacoma   (KSEA), Glacier Park   (KGPI), McCarran   (KLAS), Salt Lake City   (KSLC)","input":"KSEA/KGPI/KLAS/KSLC"},"tableID":"Week6","tableDiv":"tableDiv6"}],"dailySchedule":{"Dec27":["EVRA","EHAM","EBBR","EGKK","LSGG"],"Dec28":["WSSS","WIII","RPLL","WMKK","WAHI"],"Dec29":["KCLT","KMYR","KDCA"],"Dec30":["EHRD","EGPH","LEPA"],"Dec31":["FNF"],"Jan1":["NZAA","NZQN","NZDN","NTAA"],"Jan2":["BIKF","KIAD","EIDW","KBOS","EDDM"],"Jan3":[],"Jan4":["HRYR","HECA","HAAB","EBBR","HTKJ"],"Jan5":["TJSJ","KMCO","MDSD","MDPC","KMIA"],"Jan6":["ZBAA","ZGSZ","ZSSS","RCKH","RJTT"],"Jan7":["FNF"],"Jan8":["LEMD","LEPA","LPPR"],"Jan9":["LEMD","LEBL","EDDF"],"Jan10":["MMMX","MMOX","MMUN","MMTJ","MMSD"],"Jan11":["VABB","OTHH","VOCI","VECC","VIDP"],"Jan12":["KAPA","KASE","KGCN"],"Jan13":["YPAD","YSSY","YSCB"],"Jan14":["FNF"],"Jan15":["CYYZ","EGKK","LSZH"],"Jan16":["CYYZ","KLGA","KDEN"],"Jan17":["LTFM","LGAV","URSS","OLBA","LTAI"],"Jan18":["KLAS","KPHX","KSEA","KORD","KSAN"],"Jan19":["WSSS","WMKK","VTBS","VTSP","VMMC"],"Jan20":["EGSS","LIMJ","EGPH","EIDW"],"Jan21":["FNF"],"Jan22":["PHNL","PHOG","PHTO"],"Jan23":["SCEL","SPJC","SBGR"],"Jan24":["LOWI","EHAM","EGGD","ESSA","EGLC"],"Jan25":["KSWF","KMYR","KADW","KWRI"],"Jan26":["PHNL","PHLI","PHKO","KLAX","KSJC"],"Jan27":["FACT","FAOR","HAAB"],"Jan28":["FNF"],"Jan29":["EGNM","LZIB","LGSK","LGIR"],"Jan30":["LIRQ","EDDF","LEMD","EBBR","LSGG"],"Jan31":["YSSY","YMML","YCFS"],"Feb1":["KAFW","KMEM","KOAK"],"Feb2":["WMKK","WMKI","WBKW","WSSS"],"Feb3":["EKCH","ESSA","ENBR"],"Feb4":["FNF"],"Feb5":["SBGR","SBGL","SLVR","SBRF","SBPA"],"Feb6":["KSEA","KGPI","KLAS","KSLC"]}}