{"month":{"name":"July","index":"6","year":2022},"schedule":[{"1":{"dayname":"Monday","date":"Jun 27","airports":"Ohrid (LWOH), Basel (LFSB), Vienna   (LOWW), Dortmund  (EDLW), Cluj-Napoca   (LRCL)","input":"!Ohrid (LWOH)/LFSB/LOWW/EDLW/LRCL"},"2":{"dayname":"Tuesday","date":"Jun 28","airports":"King Shaka   (FALE), Cape Town   (FACT), Johannesburg (FAOR), Sir Seewoosagur Ramgoolam   (FIMP)","input":"FALE/FACT/FAOR/FIMP"},"3":{"dayname":"Wednesday","date":"Jun 29","airports":"Kolkata (VECC), Maharana Pratap  (VAUD), Mumbai (VABB), Hyderabad (VOHS), Bengaluru   (VOBL)","input":"VECC/VAUD/VABB/VOHS/VOBL"},"4":{"dayname":"Thursday","date":"Jun 30","airports":"Da Nang   (VVDN), Incheon   (RKSI), Hong Kong (VHHH), Manila (RPLL), Taiwan Taoyuan   (RCTP)","input":"VVDN/RKSI/VHHH/RPLL/RCTP"},"5":{"dayname":"Friday","date":"Jul 1","airports":"William P Hobby  (KHOU), Chicago Midway   (KMDW), Baltimore (KBWI), Tampa   (KTPA), Southwest Florida   (KRSW)","input":"KHOU/KMDW/KBWI/KTPA/KRSW"},"6":{"dayname":"Saturday","date":"Jul 2","airports":"George Best Belfast City  (EGAC), Dublin  (EIDW), Birmingham   (EGBB), Leeds Bradford  (EGNM), London City  (EGLC)","input":"EGAC/EIDW/EGBB/EGNM/EGLC"},"7":{"dayname":"Sunday","date":"Jul 3","airports":"Los Angeles   (KLAX), Dallas Fort Worth   (KDFW), Chicago O'Hare   (KORD), Palm Springs   (KPSP), Santa Barbara Municipal  (KSBA)","input":"KLAX/KDFW/KORD/KPSP/KSBA"},"tableID":"Week1","tableDiv":"tableDiv1"},{"1":{"dayname":"Monday","date":"Jul 4","airports":"Istanbul  (LTFM), Kahramanmaras  (LTCN), Sarajevo   (LQSA), Antalya   (LTAI), Sochi   (URSS)","input":"LTFM/LTCN/LQSA/LTAI/URSS"},"2":{"dayname":"Tuesday","date":"Jul 5","airports":"Kotoka   (DGAA), Kigali   (HRYR), Quatro De Fevereiro  (FNLU), Jomo Kenyatta   (HKJK), Cairo   (HECA)","input":"DGAA/HRYR/FNLU/HKJK/HECA"},"3":{"dayname":"Wednesday","date":"Jul 6","airports":"Copenhagen Kastrup  (EKCH), Stockholm-Arlanda  (ESSA), Helsinki Vantaa  (EFHK), Oslo Gardermoen  (ENGM), Amsterdam  Schiphol (EHAM)","input":"EKCH/ESSA/EFHK/ENGM/EHAM"},"4":{"dayname":"Thursday","date":"Jul 7","airports":"Moody (KVAD), Pensacola Naval Air Station/Forrest Sherman field (KNPA), Nellis Air Force Base (KLSV), Mc Guire Air Force Base (KWRI), Oceana Nas /Apollo Soucek Field/ Station (KNTU)","input":"KVAD/KNPA/KLSV/KWRI/KNTU"},"5":{"dayname":"Friday","date":"Jul 8","airports":"Manila (RPLL), Guam (PGUM), Honolulu   (PHNL)","input":"RPLL/!Guam (PGUM)/PHNL"},"6":{"dayname":"Saturday","date":"Jul 9","airports":"Event #E1, Denpasar (WADD), Singapore Changi   (WSSS), Jakarta (WIII), Yogyakarta (WAHI)","input":"#E1/WADD/WSSS/WIII/WAHI"},"7":{"dayname":"Sunday","date":"Jul 10","airports":"Port Vila Bauerfield  (NVVV), Sydney (YSSY), Auckland   (NZAA), Brisbane   (YBBN), Port Moresby Jacksons   (AYPY)","input":"NVVV/YSSY/NZAA/YBBN/AYPY"},"tableID":"Week2","tableDiv":"tableDiv2"},{"1":{"dayname":"Monday","date":"Jul 11","airports":"King Abdulaziz   (OEJN), Prince Mohammad Bin Abdulaziz  (OEMA), Kuwait   (OKBK), Abu Dhabi   (OMAA), Queen Alia   (OJAI)","input":"OEJN/OEMA/OKBK/OMAA/OJAI"},"2":{"dayname":"Tuesday","date":"Jul 12","airports":"Athens (LGAV), Skiathos Island National  (LGSK), Herkalion (LGIR), Larnaca   (LCLK), Kefallinia  (LGKF)","input":"LGAV/LGSK/LGIR/LCLK/LGKF"},"3":{"dayname":"Wednesday","date":"Jul 13","airports":"Zurich  (LSZH), Leonardo Da Vinci (Fiumicino)   (LIRF), Vienna   (LOWW), Geneva (LSGG), Florence (LIRQ)","input":"LSZH/LIRF/LOWW/LSGG/LIRQ"},"4":{"dayname":"Thursday","date":"Jul 14","airports":"London Heathrow  (EGLL), London City  (EGLC), London Gatwick  (EGKK), London Stansted  (EGSS)","input":"EGLL/EGLC/EGKK/EGSS"},"5":{"dayname":"Friday","date":"Jul 15","airports":"Montreal / Pierre Elliott Trudeau   (CYUL), Toronto Pearson (CYYZ), Thunder Bay  (CYQT), St. John's   (CYYT), Halifax / Stanfield   (CYHZ)","input":"CYUL/CYYZ/CYQT/CYYT/CYHZ"},"6":{"dayname":"Saturday","date":"Jul 16","airports":"Luis Munoz Marin   (TJSJ), Miami   (KMIA), Baltimore (KBWI), Las Americas   (MDSD), Orlando   (KMCO)","input":"TJSJ/KMIA/KBWI/MDSD/KMCO"},"7":{"dayname":"Sunday","date":"Jul 17","airports":"McCarran   (KLAS), Austin Bergstrom   (KAUS), Phoenix Sky Harbor   (KPHX), Bob Hope  (KBUR), San Diego   (KSAN)","input":"KLAS/KAUS/KPHX/KBUR/KSAN"},"tableID":"Week3","tableDiv":"tableDiv3"},{"1":{"dayname":"Monday","date":"Jul 18","airports":"Rio de Janeiro Galeao (SBGL), Sao Paulo Guarulhos (SBGR), Brasilia (SBBR), Guararapes - Gilberto Freyre   (SBRF)","input":"SBGL/SBGR/SBBR/SBRF"},"2":{"dayname":"Tuesday","date":"Jul 19","airports":"Mexico City (MMMX), Nuevo Aeropuerto Internacional Mariscal Sucre (SEQM), Bogota (SKBO), Tocumen   (MPTO), Cancun   (MMUN)","input":"MMMX/SEQM/SKBO/MPTO/MMUN"},"3":{"dayname":"Wednesday","date":"Jul 20","airports":"Tokyo   (RJTT), Kai Tak (VHHX), Beijing Capital   (ZBAA), Taiwan Taoyuan   (RCTP), Shanghai Pudong   (ZSPD)","input":"RJTT/VHHX/ZBAA/RCTP/ZSPD"},"4":{"dayname":"Thursday","date":"Jul 21","airports":"Lisbon Portela  (LPPT), Madrid Barajas   (LEMD), Charles de Gaulle   (LFPG), Madeira  (LPMA), Gran Canaria  (GCLP)","input":"LPPT/LEMD/LFPG/LPMA/GCLP"},"5":{"dayname":"Friday","date":"Jul 22","airports":"Viru Viru   (SLVR), Santiago (SCEL), Brasilia (SBBR), Santos Dumont  (SBRJ)","input":"SLVR/SCEL/SBBR/SBRJ"},"6":{"dayname":"Saturday","date":"Jul 23","airports":"Event #E2, Mumbai (VABB), Indira Gandhi   (VIDP), Tribhuvan   (VNKT)","input":"#E2/VABB/VIDP/VNKT"},"7":{"dayname":"Sunday","date":"Jul 24","airports":"Event #E3, Brussels  (EBBR), Frankfurt (EDDF)","input":"#E3/EBBR/EDDF"},"tableID":"Week4","tableDiv":"tableDiv4"},{"1":{"dayname":"Monday","date":"Jul 25","airports":"Denver   (KDEN), Jackson Hole  (KJAC), Eagle County   (KEGE), Aspen (KASE), Centennial  (KAPA)","input":"KDEN/KJAC/KEGE/KASE/KAPA"},"2":{"dayname":"Tuesday","date":"Jul 26","airports":"Incheon   (RKSI), Jeju   (RKPC), Gimhae   (RKPK), Yangyang   (RKNY), Zhoushuizi  (ZYTL)","input":"RKSI/RKPC/RKPK/RKNY/ZYTL"},"3":{"dayname":"Wednesday","date":"Jul 27","airports":"Keflavik   (BIKF), London Gatwick  (EGKK), Bristol   (EGGD), Manchester  (EGCC), Riga   (EVRA)","input":"BIKF/EGKK/EGGD/EGCC/EVRA"},"4":{"dayname":"Thursday","date":"Jul 28","airports":"Dubai   (OMDB), Beirut Rafic Hariri   (OLBA), Bahrain   (OBBI), Baku (UBBB), Istanbul  (LTFM)","input":"OMDB/OLBA/OBBI/UBBB/LTFM"},"5":{"dayname":"Friday","date":"Jul 29","airports":"Cape Town   (FACT), Johannesburg (FAOR), King Shaka   (FALE), Roland Garros  (FMEE)","input":"FACT/FAOR/FALE/FMEE"},"6":{"dayname":"Saturday","date":"Jul 30","airports":"Newark Liberty   (KEWR), Washington Dulles   (KIAD), Atlanta (KATL), San Francisco   (KSFO), George Bush Intercontinental Houston  (KIAH)","input":"KEWR/KIAD/KATL/KSFO/KIAH"},"7":{"dayname":"Sunday","date":"Jul 31","airports":"Suvarnabhumi  (VTBS), Yangon   (VYYY), Kai Tak (VHHX), Phuket   (VTSP), Singapore Changi   (WSSS)","input":"VTBS/VYYY/VHHX/VTSP/WSSS"},"tableID":"Week5","tableDiv":"tableDiv5"}],"dailySchedule":{"Jun27":[{"icao":"LWOH","name":"Ohrid"},{"icao":"LFSB","name":"Basel"},{"icao":"LOWW","name":"Vienna"},{"icao":"EDLW","name":"Dortmund"},{"icao":"LRCL","name":"Cluj-Napoca"}],"Jun28":[{"icao":"FALE","name":"King Shaka"},{"icao":"FACT","name":"Cape Town"},{"icao":"FAOR","name":"Johannesburg"},{"icao":"FIMP","name":"Sir Seewoosagur Ramgoolam"}],"Jun29":[{"icao":"VECC","name":"Kolkata"},{"icao":"VAUD","name":"Maharana Pratap"},{"icao":"VABB","name":"Mumbai"},{"icao":"VOHS","name":"Hyderabad"},{"icao":"VOBL","name":"Bengaluru"}],"Jun30":[{"icao":"VVDN","name":"Da Nang"},{"icao":"RKSI","name":"Incheon"},{"icao":"VHHH","name":"Hong Kong"},{"icao":"RPLL","name":"Manila"},{"icao":"RCTP","name":"Taiwan Taoyuan"}],"Jul1":[{"icao":"KHOU","name":"William P Hobby"},{"icao":"KMDW","name":"Chicago Midway"},{"icao":"KBWI","name":"Baltimore"},{"icao":"KTPA","name":"Tampa"},{"icao":"KRSW","name":"Southwest Florida"}],"Jul2":[{"icao":"EGAC","name":"George Best Belfast City"},{"icao":"EIDW","name":"Dublin"},{"icao":"EGBB","name":"Birmingham"},{"icao":"EGNM","name":"Leeds Bradford"},{"icao":"EGLC","name":"London City"}],"Jul3":[{"icao":"KLAX","name":"Los Angeles"},{"icao":"KDFW","name":"Dallas Fort Worth"},{"icao":"KORD","name":"Chicago O'Hare"},{"icao":"KPSP","name":"Palm Springs"},{"icao":"KSBA","name":"Santa Barbara Municipal"}],"Jul4":[{"icao":"LTFM","name":"Istanbul"},{"icao":"LTCN","name":"Kahramanmaras"},{"icao":"LQSA","name":"Sarajevo"},{"icao":"LTAI","name":"Antalya"},{"icao":"URSS","name":"Sochi"}],"Jul5":[{"icao":"DGAA","name":"Kotoka"},{"icao":"HRYR","name":"Kigali"},{"icao":"FNLU","name":"Quatro De Fevereiro"},{"icao":"HKJK","name":"Jomo Kenyatta"},{"icao":"HECA","name":"Cairo"}],"Jul6":[{"icao":"EKCH","name":"Copenhagen Kastrup"},{"icao":"ESSA","name":"Stockholm-Arlanda"},{"icao":"EFHK","name":"Helsinki Vantaa"},{"icao":"ENGM","name":"Oslo Gardermoen"},{"icao":"EHAM","name":"Amsterdam  Schiphol"}],"Jul7":[{"icao":"KVAD","name":"Moody"},{"icao":"KNPA","name":"Pensacola Naval Air Station/Forrest Sherman field"},{"icao":"KLSV","name":"Nellis Air Force Base"},{"icao":"KWRI","name":"Mc Guire Air Force Base"},{"icao":"KNTU","name":"Oceana Nas /Apollo Soucek Field/ Station"}],"Jul8":[{"icao":"RPLL","name":"Manila"},{"icao":"PGUM","name":"Guam"},{"icao":"PHNL","name":"Honolulu"}],"Jul9":[{"icao":"WADD","name":"Denpasar"},{"icao":"WSSS","name":"Singapore Changi"},{"icao":"WIII","name":"Jakarta"},{"icao":"WAHI","name":"Yogyakarta"}],"Jul10":[{"icao":"NVVV","name":"Port Vila Bauerfield"},{"icao":"YSSY","name":"Sydney"},{"icao":"NZAA","name":"Auckland"},{"icao":"YBBN","name":"Brisbane"},{"icao":"AYPY","name":"Port Moresby Jacksons"}],"Jul11":[{"icao":"OEJN","name":"King Abdulaziz"},{"icao":"OEMA","name":"Prince Mohammad Bin Abdulaziz"},{"icao":"OKBK","name":"Kuwait"},{"icao":"OMAA","name":"Abu Dhabi"},{"icao":"OJAI","name":"Queen Alia"}],"Jul12":[{"icao":"LGAV","name":"Athens"},{"icao":"LGSK","name":"Skiathos Island National"},{"icao":"LGIR","name":"Herkalion"},{"icao":"LCLK","name":"Larnaca"},{"icao":"LGKF","name":"Kefallinia"}],"Jul13":[{"icao":"LSZH","name":"Zurich"},{"icao":"Fiumicino","name":"Leonardo Da Vinci"},{"icao":"LOWW","name":"Vienna"},{"icao":"LSGG","name":"Geneva"},{"icao":"LIRQ","name":"Florence"}],"Jul14":[{"icao":"EGLL","name":"London Heathrow"},{"icao":"EGLC","name":"London City"},{"icao":"EGKK","name":"London Gatwick"},{"icao":"EGSS","name":"London Stansted"}],"Jul15":[{"icao":"CYUL","name":"Montreal / Pierre Elliott Trudeau"},{"icao":"CYYZ","name":"Toronto Pearson"},{"icao":"CYQT","name":"Thunder Bay"},{"icao":"CYYT","name":"St. John's"},{"icao":"CYHZ","name":"Halifax / Stanfield"}],"Jul16":[{"icao":"TJSJ","name":"Luis Munoz Marin"},{"icao":"KMIA","name":"Miami"},{"icao":"KBWI","name":"Baltimore"},{"icao":"MDSD","name":"Las Americas"},{"icao":"KMCO","name":"Orlando"}],"Jul17":[{"icao":"KLAS","name":"McCarran"},{"icao":"KAUS","name":"Austin Bergstrom"},{"icao":"KPHX","name":"Phoenix Sky Harbor"},{"icao":"KBUR","name":"Bob Hope"},{"icao":"KSAN","name":"San Diego"}],"Jul18":[{"icao":"SBGL","name":"Rio de Janeiro Galeao"},{"icao":"SBGR","name":"Sao Paulo Guarulhos"},{"icao":"SBBR","name":"Brasilia"},{"icao":"SBRF","name":"Guararapes - Gilberto Freyre"}],"Jul19":[{"icao":"MMMX","name":"Mexico City"},{"icao":"SEQM","name":"Nuevo Aeropuerto Internacional Mariscal Sucre"},{"icao":"SKBO","name":"Bogota"},{"icao":"MPTO","name":"Tocumen"},{"icao":"MMUN","name":"Cancun"}],"Jul20":[{"icao":"RJTT","name":"Tokyo"},{"icao":"VHHX","name":"Kai Tak"},{"icao":"ZBAA","name":"Beijing Capital"},{"icao":"RCTP","name":"Taiwan Taoyuan"},{"icao":"ZSPD","name":"Shanghai Pudong"}],"Jul21":[{"icao":"LPPT","name":"Lisbon Portela"},{"icao":"LEMD","name":"Madrid Barajas"},{"icao":"LFPG","name":"Charles de Gaulle"},{"icao":"LPMA","name":"Madeira"},{"icao":"GCLP","name":"Gran Canaria"}],"Jul22":[{"icao":"SLVR","name":"Viru Viru"},{"icao":"SCEL","name":"Santiago"},{"icao":"SBBR","name":"Brasilia"},{"icao":"SBRJ","name":"Santos Dumont"}],"Jul23":[{"icao":"VABB","name":"Mumbai"},{"icao":"VIDP","name":"Indira Gandhi"},{"icao":"VNKT","name":"Tribhuvan"}],"Jul24":[{"icao":"EBBR","name":"Brussels"},{"icao":"EDDF","name":"Frankfurt"}],"Jul25":[{"icao":"KDEN","name":"Denver"},{"icao":"KJAC","name":"Jackson Hole"},{"icao":"KEGE","name":"Eagle County"},{"icao":"KASE","name":"Aspen"},{"icao":"KAPA","name":"Centennial"}],"Jul26":[{"icao":"RKSI","name":"Incheon"},{"icao":"RKPC","name":"Jeju"},{"icao":"RKPK","name":"Gimhae"},{"icao":"RKNY","name":"Yangyang"},{"icao":"ZYTL","name":"Zhoushuizi"}],"Jul27":[{"icao":"BIKF","name":"Keflavik"},{"icao":"EGKK","name":"London Gatwick"},{"icao":"EGGD","name":"Bristol"},{"icao":"EGCC","name":"Manchester"},{"icao":"EVRA","name":"Riga"}],"Jul28":[{"icao":"OMDB","name":"Dubai"},{"icao":"OLBA","name":"Beirut Rafic Hariri"},{"icao":"OBBI","name":"Bahrain"},{"icao":"UBBB","name":"Baku"},{"icao":"LTFM","name":"Istanbul"}],"Jul29":[{"icao":"FACT","name":"Cape Town"},{"icao":"FAOR","name":"Johannesburg"},{"icao":"FALE","name":"King Shaka"},{"icao":"FMEE","name":"Roland Garros"}],"Jul30":[{"icao":"KEWR","name":"Newark Liberty"},{"icao":"KIAD","name":"Washington Dulles"},{"icao":"KATL","name":"Atlanta"},{"icao":"KSFO","name":"San Francisco"},{"icao":"KIAH","name":"George Bush Intercontinental Houston"}],"Jul31":[{"icao":"VTBS","name":"Suvarnabhumi"},{"icao":"VYYY","name":"Yangon"},{"icao":"VHHX","name":"Kai Tak"},{"icao":"VTSP","name":"Phuket"},{"icao":"WSSS","name":"Singapore Changi"}]},"events":[{"id":"E1","day":"Jul 9","title":"In &amp; Out of Bali","link":"https://community.infiniteflight.com/t/09jul22-0900z-in-out-of-bali-wadd/690243"},{"id":"E2","day":"Jul 23","title":"Indian Fly-In","link":"https://community.infiniteflight.com/t/23jul22-1300z-1500z-indian-fly-in-vabb-vidp/688016"},{"id":"E3","day":"Jul 24","title":"LuftyVirtual 5 Year Anniversary","link":"https://community.infiniteflight.com/t/24jul22-luftyvirtual-presents-celebrating-5-years-on-the-ifc-eddf-ebbr/694965"},{"id":"E4","day":"","title":"","link":""},{"id":"E5","day":"","title":"","link":""},{"id":"E6","day":"","title":"","link":""}]}