{"month":{"name":"June","index":"5","year":2022},"schedule":[{"1":{"dayname":"Monday","date":"May 30","airports":"Almaty  (UAAA), Baku (UBBB), Manas   (UCFM), Istanbul  (LTFM), Antalya   (LTAI)","input":"UAAA/UBBB/UCFM/LTFM/LTAI"},"2":{"dayname":"Tuesday","date":"May 31","airports":"Gibraltar  (LXGB), London Gatwick  (EGKK), Manchester  (EGCC), Edinburgh  (EGPH), Bristol   (EGGD)","input":"LXGB/EGKK/EGCC/EGPH/EGGD"},"3":{"dayname":"Wednesday","date":"Jun 1","airports":"Billy Bishop Toronto City Centre  (CYTZ), Albany   (KALB), Westchester County  (KHPN), Stewart   (KSWF)","input":"CYTZ/KALB/KHPN/KSWF"},"4":{"dayname":"Thursday","date":"Jun 2","airports":"Chennai (VOMM), Bandaranaike  Colombo  (VCBI), Bengaluru   (VOBL), Mumbai (VABB), Kolkata (VECC)","input":"VOMM/VCBI/VOBL/VABB/VECC"},"5":{"dayname":"Friday","date":"Jun 3","airports":"Lima (SPJC), Santiago (SCEL), Alejandro Velasco Astete   (SPZO), El Loa  (SCCF), Jorge Newbery Airpark (SABE)","input":"SPJC/SCEL/SPZO/SCCF/SABE"},"6":{"dayname":"Saturday","date":"Jun 4","airports":"Jomo Kenyatta   (HKJK), Frankfurt (EDDF), Mombasa Moi   (HKMO), Kotoka   (DGAA), Addis Ababa (HAAB)","input":"HKJK/EDDF/HKMO/DGAA/HAAB"},"7":{"dayname":"Sunday","date":"Jun 5","airports":"Leeds Bradford  (EGNM), Amsterdam  Schiphol (EHAM), Dublin  (EIDW), Palma De Mallorca  (LEPA), Leonardo Da Vinci (Fiumicino)   (LIRF)","input":"EGNM/EHAM/EIDW/LEPA/LIRF"},"tableID":"Week1","tableDiv":"tableDiv1"},{"1":{"dayname":"Monday","date":"Jun 6","airports":"Denver   (KDEN), San Francisco   (KSFO), Colorado Springs (KCOS), Phoenix Sky Harbor   (KPHX), Glacier Park   (KGPI)","input":"KDEN/KSFO/!Colorado Springs (KCOS)/KPHX/KGPI"},"2":{"dayname":"Tuesday","date":"Jun 7","airports":"Islamabad   (OPIS), Jinnah   (OPKC), Abu Dhabi   (OMAA), Almaty  (UAAA)","input":"OPIS/OPKC/OMAA/UAAA"},"3":{"dayname":"Wednesday","date":"Jun 8","airports":"Sydney (YSSY), Alice Springs  (YBAS), Brisbane   (YBBN), Melbourne   (YMML), Adelaide   (YPAD)","input":"YSSY/YBAS/YBBN/YMML/YPAD"},"4":{"dayname":"Thursday","date":"Jun 9","airports":"Tokyo   (RJTT), Aomori  (RJSA), Fukuoka  (RJFF), New Chitose  (RJCC), Naha  (ROAH)","input":"RJTT/RJSA/RJFF/RJCC/ROAH"},"5":{"dayname":"Friday","date":"Jun 10","airports":"Cologne Bonn  (EDDK), Munich   (EDDM), London Stansted  (EGSS), Berlin-Schonefeld   (EDDB), Nuremberg  (EDDN)","input":"EDDK/EDDM/EGSS/EDDB/EDDN"},"6":{"dayname":"Saturday","date":"Jun 11","airports":"Event #E1, Miami   (KMIA), Tampa   (KTPA), Jose Marti   (MUHA)","input":"#E1/KMIA/KTPA/MUHA"},"7":{"dayname":"Sunday","date":"Jun 12","airports":"Event #E2, Madrid Barajas   (LEMD), Lisbon Portela  (LPPT), Palma De Mallorca  (LEPA), London Gatwick  (EGKK), Amsterdam  Schiphol (EHAM)","input":"#E2/LEMD/LPPT/LEPA/EGKK/EHAM"},"tableID":"Week2","tableDiv":"tableDiv2"},{"1":{"dayname":"Monday","date":"Jun 13","airports":"Denpasar (WADD), Darwin   (YPDN), Yogyakarta (WAHI), Jakarta (WIII), Singapore Changi   (WSSS)","input":"WADD/YPDN/WAHI/WIII/WSSS"},"2":{"dayname":"Tuesday","date":"Jun 14","airports":"Campinas (SBKP), Porto Seguro  (SBPS), Salgado Filho  (SBPA), Santos Dumont  (SBRJ), Brasilia (SBBR)","input":"!Campinas (SBKP)/SBPS/SBPA/SBRJ/!Brasilia (SBBR)"},"3":{"dayname":"Wednesday","date":"Jun 15","airports":"Tribhuvan   (VNKT), Paro  (VQPR), Dubai   (OMDB), Indira Gandhi   (VIDP), Suvarnabhumi  (VTBS)","input":"VNKT/VQPR/OMDB/VIDP/VTBS"},"4":{"dayname":"Thursday","date":"Jun 16","airports":"Jomo Kenyatta   (HKJK), Kilimanjaro   (HTKJ), Addis Ababa (HAAB), Hamad   (OTHH), Kigali   (HRYR)","input":"HKJK/HTKJ/HAAB/OTHH/HRYR"},"5":{"dayname":"Friday","date":"Jun 17","airports":"Salzburg  (LOWS), Cologne Bonn  (EDDK), Stockholm-Arlanda  (ESSA), Dublin  (EIDW), Manchester  (EGCC)","input":"LOWS/EDDK/ESSA/EIDW/EGCC"},"6":{"dayname":"Saturday","date":"Jun 18","airports":"Event #E3, Riga   (EVRA), Tallinn  (EETN), Copenhagen Kastrup  (EKCH)","input":"#E3/EVRA/EETN/EKCH"},"7":{"dayname":"Sunday","date":"Jun 19","airports":"Miami   (KMIA), Philadelphia   (KPHL), Atlanta (KATL), Charlotte Douglas   (KCLT), John F Kennedy   (KJFK)","input":"KMIA/KPHL/KATL/KCLT/KJFK"},"tableID":"Week3","tableDiv":"tableDiv3"},{"1":{"dayname":"Monday","date":"Jun 20","airports":"Shangrao (ZSSR), Beijing Capital   (ZBAA), Taiping  (ZYHB), Guangzhou Baiyun   (ZGGG)","input":"!Shangrao (ZSSR)/ZBAA/ZYHB/ZGGG"},"2":{"dayname":"Tuesday","date":"Jun 21","airports":"Brest Bretagne  (LFRB), Charles de Gaulle   (LFPG), Nice-Cote d'Azur  (LFMN), Calvi-Sainte-Catherine  (LFKC), Montpellier-Mediterranee  (LFMT)","input":"LFRB/LFPG/LFMN/LFKC/LFMT"},"3":{"dayname":"Wednesday","date":"Jun 22","airports":"Tobago-Crown Point  (TTCP), John F Kennedy   (KJFK), Antigua (TAPA), Port of Spain (TTPP), Sir Grantley Adams   (TBPB)","input":"TTCP/KJFK/!Antigua (TAPA)/!Port of Spain (TTPP)/TBPB"},"4":{"dayname":"Thursday","date":"Jun 23","airports":"Mexico City (MMMX), Miami   (KMIA), Lima (SPJC), Santiago (SCEL), Tocumen   (MPTO)","input":"MMMX/KMIA/SPJC/SCEL/MPTO"},"5":{"dayname":"Friday","date":"Jun 24","airports":"Monmouth Executive  (KBLM), Hartford Brainard  (KHFD), Westchester County  (KHPN), Meigs Field (KCGX)","input":"KBLM/KHFD/KHPN/!Meigs Field (KCGX)"},"6":{"dayname":"Saturday","date":"Jun 25","airports":"Calgary   (CYYC), Kelowna  (CYLW), Vancouver   (CYVR), Seattle Tacoma   (KSEA), Saskatoon John G. Diefenbaker   (CYXE)","input":"CYYC/CYLW/CYVR/KSEA/CYXE"},"7":{"dayname":"Sunday","date":"Jun 26","airports":"Event #E4, John F Kennedy   (KJFK), Boston (KBOS), Washington Dulles   (KIAD), Miami   (KMIA), London Heathrow  (EGLL), Charles de Gaulle   (LFPG), Copenhagen Kastrup  (EKCH), Dublin  (EIDW)","input":"#E4/KJFK/KBOS/KIAD/KMIA/EGLL/LFPG/EKCH/EIDW"},"tableID":"Week4","tableDiv":"tableDiv4"},{"1":{"dayname":"Monday","date":"Jun 27","airports":"Ohrid (LWOH), Basel (LFSB), Vienna   (LOWW), Dortmund  (EDLW), Cluj-Napoca   (LRCL)","input":"!Ohrid (LWOH)/LFSB/LOWW/EDLW/LRCL"},"2":{"dayname":"Tuesday","date":"Jun 28","airports":"King Shaka   (FALE), Cape Town   (FACT), Johannesburg (FAOR), Sir Seewoosagur Ramgoolam   (FIMP)","input":"FALE/FACT/FAOR/FIMP"},"3":{"dayname":"Wednesday","date":"Jun 29","airports":"Kolkata (VECC), Maharana Pratap  (VAUD), Mumbai (VABB), Hyderabad (VOHS), Bengaluru   (VOBL)","input":"VECC/VAUD/VABB/VOHS/VOBL"},"4":{"dayname":"Thursday","date":"Jun 30","airports":"Da Nang   (VVDN), Incheon   (RKSI), Hong Kong (VHHH), Manila (RPLL), Taiwan Taoyuan   (RCTP)","input":"VVDN/RKSI/VHHH/RPLL/RCTP"},"5":{"dayname":"Friday","date":"Jul 1","airports":"William P Hobby  (KHOU), Chicago Midway   (KMDW), Baltimore (KBWI), Tampa   (KTPA), Southwest Florida   (KRSW)","input":"KHOU/KMDW/KBWI/KTPA/KRSW"},"6":{"dayname":"Saturday","date":"Jul 2","airports":"George Best Belfast City  (EGAC), Dublin  (EIDW), Birmingham   (EGBB), Leeds Bradford  (EGNM), London City  (EGLC)","input":"EGAC/EIDW/EGBB/EGNM/EGLC"},"7":{"dayname":"Sunday","date":"Jul 3","airports":"Los Angeles   (KLAX), Dallas Fort Worth   (KDFW), Chicago O'Hare   (KORD), Palm Springs   (KPSP), Santa Barbara Municipal  (KSBA)","input":"KLAX/KDFW/KORD/KPSP/KSBA"},"tableID":"Week5","tableDiv":"tableDiv5"}],"dailySchedule":{"May30":[{"icao":"UAAA","name":"Almaty"},{"icao":"UBBB","name":"Baku"},{"icao":"UCFM","name":"Manas"},{"icao":"LTFM","name":"Istanbul"},{"icao":"LTAI","name":"Antalya"}],"May31":[{"icao":"LXGB","name":"Gibraltar"},{"icao":"EGKK","name":"London Gatwick"},{"icao":"EGCC","name":"Manchester"},{"icao":"EGPH","name":"Edinburgh"},{"icao":"EGGD","name":"Bristol"}],"Jun1":[{"icao":"CYTZ","name":"Billy Bishop Toronto City Centre"},{"icao":"KALB","name":"Albany"},{"icao":"KHPN","name":"Westchester County"},{"icao":"KSWF","name":"Stewart"}],"Jun2":[{"icao":"VOMM","name":"Chennai"},{"icao":"VCBI","name":"Bandaranaike  Colombo"},{"icao":"VOBL","name":"Bengaluru"},{"icao":"VABB","name":"Mumbai"},{"icao":"VECC","name":"Kolkata"}],"Jun3":[{"icao":"SPJC","name":"Lima"},{"icao":"SCEL","name":"Santiago"},{"icao":"SPZO","name":"Alejandro Velasco Astete"},{"icao":"SCCF","name":"El Loa"},{"icao":"SABE","name":"Jorge Newbery Airpark"}],"Jun4":[{"icao":"HKJK","name":"Jomo Kenyatta"},{"icao":"EDDF","name":"Frankfurt"},{"icao":"HKMO","name":"Mombasa Moi"},{"icao":"DGAA","name":"Kotoka"},{"icao":"HAAB","name":"Addis Ababa"}],"Jun5":[{"icao":"EGNM","name":"Leeds Bradford"},{"icao":"EHAM","name":"Amsterdam  Schiphol"},{"icao":"EIDW","name":"Dublin"},{"icao":"LEPA","name":"Palma De Mallorca"},{"icao":"Fiumicino","name":"Leonardo Da Vinci"}],"Jun6":[{"icao":"KDEN","name":"Denver"},{"icao":"KSFO","name":"San Francisco"},{"icao":"KCOS","name":"Colorado Springs"},{"icao":"KPHX","name":"Phoenix Sky Harbor"},{"icao":"KGPI","name":"Glacier Park"}],"Jun7":[{"icao":"OPIS","name":"Islamabad"},{"icao":"OPKC","name":"Jinnah"},{"icao":"OMAA","name":"Abu Dhabi"},{"icao":"UAAA","name":"Almaty"}],"Jun8":[{"icao":"YSSY","name":"Sydney"},{"icao":"YBAS","name":"Alice Springs"},{"icao":"YBBN","name":"Brisbane"},{"icao":"YMML","name":"Melbourne"},{"icao":"YPAD","name":"Adelaide"}],"Jun9":[{"icao":"RJTT","name":"Tokyo"},{"icao":"RJSA","name":"Aomori"},{"icao":"RJFF","name":"Fukuoka"},{"icao":"RJCC","name":"New Chitose"},{"icao":"ROAH","name":"Naha"}],"Jun10":[{"icao":"EDDK","name":"Cologne Bonn"},{"icao":"EDDM","name":"Munich"},{"icao":"EGSS","name":"London Stansted"},{"icao":"EDDB","name":"Berlin-Schonefeld"},{"icao":"EDDN","name":"Nuremberg"}],"Jun11":[{"icao":"KMIA","name":"Miami"},{"icao":"KTPA","name":"Tampa"},{"icao":"MUHA","name":"Jose Marti"}],"Jun12":[{"icao":"LEMD","name":"Madrid Barajas"},{"icao":"LPPT","name":"Lisbon Portela"},{"icao":"LEPA","name":"Palma De Mallorca"},{"icao":"EGKK","name":"London Gatwick"},{"icao":"EHAM","name":"Amsterdam  Schiphol"}],"Jun13":[{"icao":"WADD","name":"Denpasar"},{"icao":"YPDN","name":"Darwin"},{"icao":"WAHI","name":"Yogyakarta"},{"icao":"WIII","name":"Jakarta"},{"icao":"WSSS","name":"Singapore Changi"}],"Jun14":[{"icao":"SBKP","name":"Campinas"},{"icao":"SBPS","name":"Porto Seguro"},{"icao":"SBPA","name":"Salgado Filho"},{"icao":"SBRJ","name":"Santos Dumont"},{"icao":"SBBR","name":"Brasilia"}],"Jun15":[{"icao":"VNKT","name":"Tribhuvan"},{"icao":"VQPR","name":"Paro"},{"icao":"OMDB","name":"Dubai"},{"icao":"VIDP","name":"Indira Gandhi"},{"icao":"VTBS","name":"Suvarnabhumi"}],"Jun16":[{"icao":"HKJK","name":"Jomo Kenyatta"},{"icao":"HTKJ","name":"Kilimanjaro"},{"icao":"HAAB","name":"Addis Ababa"},{"icao":"OTHH","name":"Hamad"},{"icao":"HRYR","name":"Kigali"}],"Jun17":[{"icao":"LOWS","name":"Salzburg"},{"icao":"EDDK","name":"Cologne Bonn"},{"icao":"ESSA","name":"Stockholm-Arlanda"},{"icao":"EIDW","name":"Dublin"},{"icao":"EGCC","name":"Manchester"}],"Jun18":[{"icao":"EVRA","name":"Riga"},{"icao":"EETN","name":"Tallinn"},{"icao":"EKCH","name":"Copenhagen Kastrup"}],"Jun19":[{"icao":"KMIA","name":"Miami"},{"icao":"KPHL","name":"Philadelphia"},{"icao":"KATL","name":"Atlanta"},{"icao":"KCLT","name":"Charlotte Douglas"},{"icao":"KJFK","name":"John F Kennedy"}],"Jun20":[{"icao":"ZSSR","name":"Shangrao"},{"icao":"ZBAA","name":"Beijing Capital"},{"icao":"ZYHB","name":"Taiping"},{"icao":"ZGGG","name":"Guangzhou Baiyun"}],"Jun21":[{"icao":"LFRB","name":"Brest Bretagne"},{"icao":"LFPG","name":"Charles de Gaulle"},{"icao":"LFMN","name":"Nice-Cote d'Azur"},{"icao":"LFKC","name":"Calvi-Sainte-Catherine"},{"icao":"LFMT","name":"Montpellier-Mediterranee"}],"Jun22":[{"icao":"TTCP","name":"Tobago-Crown Point"},{"icao":"KJFK","name":"John F Kennedy"},{"icao":"TAPA","name":"Antigua"},{"icao":"TTPP","name":"Port of Spain"},{"icao":"TBPB","name":"Sir Grantley Adams"}],"Jun23":[{"icao":"MMMX","name":"Mexico City"},{"icao":"KMIA","name":"Miami"},{"icao":"SPJC","name":"Lima"},{"icao":"SCEL","name":"Santiago"},{"icao":"MPTO","name":"Tocumen"}],"Jun24":[{"icao":"KBLM","name":"Monmouth Executive"},{"icao":"KHFD","name":"Hartford Brainard"},{"icao":"KHPN","name":"Westchester County"},{"icao":"KCGX","name":"Meigs Field"}],"Jun25":[{"icao":"CYYC","name":"Calgary"},{"icao":"CYLW","name":"Kelowna"},{"icao":"CYVR","name":"Vancouver"},{"icao":"KSEA","name":"Seattle Tacoma"},{"icao":"CYXE","name":"Saskatoon John G. Diefenbaker"}],"Jun26":[{"icao":"KJFK","name":"John F Kennedy"},{"icao":"KBOS","name":"Boston"},{"icao":"KIAD","name":"Washington Dulles"},{"icao":"KMIA","name":"Miami"},{"icao":"EGLL","name":"London Heathrow"},{"icao":"LFPG","name":"Charles de Gaulle"},{"icao":"EKCH","name":"Copenhagen Kastrup"},{"icao":"EIDW","name":"Dublin"}],"Jun27":[{"icao":"LWOH","name":"Ohrid"},{"icao":"LFSB","name":"Basel"},{"icao":"LOWW","name":"Vienna"},{"icao":"EDLW","name":"Dortmund"},{"icao":"LRCL","name":"Cluj-Napoca"}],"Jun28":[{"icao":"FALE","name":"King Shaka"},{"icao":"FACT","name":"Cape Town"},{"icao":"FAOR","name":"Johannesburg"},{"icao":"FIMP","name":"Sir Seewoosagur Ramgoolam"}],"Jun29":[{"icao":"VECC","name":"Kolkata"},{"icao":"VAUD","name":"Maharana Pratap"},{"icao":"VABB","name":"Mumbai"},{"icao":"VOHS","name":"Hyderabad"},{"icao":"VOBL","name":"Bengaluru"}],"Jun30":[{"icao":"VVDN","name":"Da Nang"},{"icao":"RKSI","name":"Incheon"},{"icao":"VHHH","name":"Hong Kong"},{"icao":"RPLL","name":"Manila"},{"icao":"RCTP","name":"Taiwan Taoyuan"}],"Jul1":[{"icao":"KHOU","name":"William P Hobby"},{"icao":"KMDW","name":"Chicago Midway"},{"icao":"KBWI","name":"Baltimore"},{"icao":"KTPA","name":"Tampa"},{"icao":"KRSW","name":"Southwest Florida"}],"Jul2":[{"icao":"EGAC","name":"George Best Belfast City"},{"icao":"EIDW","name":"Dublin"},{"icao":"EGBB","name":"Birmingham"},{"icao":"EGNM","name":"Leeds Bradford"},{"icao":"EGLC","name":"London City"}],"Jul3":[{"icao":"KLAX","name":"Los Angeles"},{"icao":"KDFW","name":"Dallas Fort Worth"},{"icao":"KORD","name":"Chicago O'Hare"},{"icao":"KPSP","name":"Palm Springs"},{"icao":"KSBA","name":"Santa Barbara Municipal"}]},"events":[{"id":"E1","day":"Jun 11","title":"IFATC Leadership Event","link":"if-atc.com"},{"id":"E2","day":"Jun 12","title":"Air Europa Virtual Anniversary","link":"https://community.infiniteflight.com/t/12jun22-17-00z-air-europa-virtual-1st-anniversary-lemd/681411"},{"id":"E3","day":"Jun 18","title":"Baltics Fly-Out","link":"https://community.infiniteflight.com/t/18june22-1700z-the-baltics-fly-out-presented-by-airbaltic-virtual-evra-eetn/682504"},{"id":"E4","day":"Jun 26","title":"Cross the Pond","link":"https://community.infiniteflight.com/t/cross-the-pond-eastbound-2022/685986"},{"id":"E5","day":"","title":"","link":""},{"id":"E6","day":"","title":"","link":""}]}