{"month":{"name":"March","index":"2","year":2022},"schedule":[{"1":{"dayname":"Monday","date":"Feb 28","airports":"Honolulu   (PHNL), Lihue  (PHLI), Kona (PHKO), Los Angeles   (KLAX), San Jose (KSJC)","input":"PHNL/PHLI/PHKO/KLAX/KSJC"},"2":{"dayname":"Tuesday","date":"Mar 1","airports":"Manila (RPLL), Iloilo   (RPVI), Cebu (RPVM), Kai Tak (VHHX)","input":"RPLL/RPVI/RPVM/VHHX"},"3":{"dayname":"Wednesday","date":"Mar 2","airports":"Menara  (GMMX), Porto (LPPR), Dublin  (EIDW), Brussels  (EBBR)","input":"GMMX/LPPR/EIDW/EBBR"},"4":{"dayname":"Thursday","date":"Mar 3","airports":"Cape Town   (FACT), Johannesburg (FAOR), Addis Ababa (HAAB)","input":"FACT/FAOR/HAAB"},"5":{"dayname":"Friday","date":"Mar 4","airports":"Suvarnabhumi  (VTBS), Manila (RPLL), Iloilo   (RPVI), Kaohsiung   (RCKH), Macau   (VMMC)","input":"VTBS/RPLL/RPVI/RCKH/VMMC"},"6":{"dayname":"Saturday","date":"Mar 5","airports":"Keflavik   (BIKF), Toronto Pearson (CYYZ), Washington Dulles   (KIAD), Boston (KBOS), London Gatwick  (EGKK)","input":"BIKF/CYYZ/KIAD/KBOS/EGKK"},"7":{"dayname":"Sunday","date":"Mar 6","airports":"Atlanta (KATL), Daytona Beach   (KDAB), Charlotte Douglas   (KCLT), Myrtle Beach   (KMYR), Washington National (KDCA)","input":"KATL/KDAB/KCLT/KMYR/KDCA"},"tableID":"Week1","tableDiv":"tableDiv1"},{"1":{"dayname":"Monday","date":"Mar 7","airports":"Mumbai (VABB), Dubai   (OMDB), Leh (VILH), Jinnah   (OPKC)","input":"VABB/OMDB/VILH/OPKC"},"2":{"dayname":"Tuesday","date":"Mar 8","airports":"Rotterdam  (EHRD), Split  (LDSP), Palma De Mallorca  (LEPA), Geneva (LSGG), Innsbruck  (LOWI)","input":"EHRD/LDSP/LEPA/LSGG/LOWI"},"3":{"dayname":"Wednesday","date":"Mar 9","airports":"Manas (UCFM), Sabiha Gokcen   (LTFJ), Almaty  (UAAA), Dubai   (OMDB)","input":"!Manas (UCFM)/LTFJ/UAAA/OMDB"},"4":{"dayname":"Thursday","date":"Mar 10","airports":"Toronto Pearson (CYYZ), Deer Lake  (CYDF), Halifax / Stanfield   (CYHZ)","input":"CYYZ/CYDF/CYHZ"},"5":{"dayname":"Friday","date":"Mar 11","airports":"San Diego   (KSAN), McCarran   (KLAS), Palm Springs   (KPSP), Bob Hope  (KBUR), John Wayne -Orange County  (KSNA)","input":"KSAN/KLAS/KPSP/KBUR/KSNA"},"6":{"dayname":"Saturday","date":"Mar 12","airports":"Auckland   (NZAA), Tokyo   (RJTT), Suvarnabhumi  (VTBS), Singapore Changi   (WSSS), Mumbai (VABB)","input":"NZAA/RJTT/VTBS/WSSS/VABB"},"7":{"dayname":"Sunday","date":"Mar 13","airports":"London Heathrow  (EGLL), Amsterdam  Schiphol (EHAM), Copenhagen Kastrup  (EKCH), Frankfurt (EDDF), Zurich  (LSZH)","input":"EGLL/EHAM/EKCH/EDDF/LSZH"},"tableID":"Week2","tableDiv":"tableDiv2"},{"1":{"dayname":"Monday","date":"Mar 14","airports":"Kosice  (LZKZ), London Stansted  (EGSS), Ruzyne   (LKPR), Dublin  (EIDW), Warsaw Chopin  (EPWA)","input":"LZKZ/EGSS/LKPR/EIDW/EPWA"},"2":{"dayname":"Tuesday","date":"Mar 15","airports":"La Aurora  (MGGT), Toncontin   (MHTG), El Salvador   (MSLP), Juan Santamaria   (MROC), Mexico City (MMMX)","input":"MGGT/MHTG/MSLP/MROC/MMMX"},"3":{"dayname":"Wednesday","date":"Mar 16","airports":"King Abdulaziz   (OEJN), Istanbul  (LTFM), Hamad   (OTHH)","input":"OEJN/LTFM/OTHH"},"4":{"dayname":"Thursday","date":"Mar 17","airports":"Juneau   (PAJN), Sandspit  (CYZP), Kodiak  (PADQ), Ted Stevens Anchorage   (PANC), Seattle Tacoma   (KSEA)","input":"PAJN/CYZP/PADQ/PANC/KSEA"},"5":{"dayname":"Friday","date":"Mar 18","airports":"Sydney (YSSY), Canberra   (YSCB), Auckland   (NZAA), Queenstown   (NZQN)","input":"YSSY/YSCB/NZAA/NZQN"},"6":{"dayname":"Saturday","date":"Mar 19","airports":"Madeira  (LPMA), Palma De Mallorca  (LEPA), Athens (LGAV), Porto (LPPR), Larnaca   (LCLK)","input":"LPMA/LEPA/LGAV/LPPR/LCLK"},"7":{"dayname":"Sunday","date":"Mar 20","airports":"Baltimore (KBWI), Washington National (KDCA), Washington Dulles   (KIAD), Andrews Air Force Base (KADW)","input":"KBWI/KDCA/KIAD/KADW"},"tableID":"Week3","tableDiv":"tableDiv3"},{"1":{"dayname":"Monday","date":"Mar 21","airports":"Addis Ababa (HAAB), Dubai   (OMDB), King Abdulaziz   (OEJN), Hamad   (OTHH), Abu Dhabi   (OMAA)","input":"HAAB/OMDB/OEJN/OTHH/OMAA"},"2":{"dayname":"Tuesday","date":"Mar 22","airports":"Addis Ababa (HAAB), Dubai   (OMDB), King Abdulaziz   (OEJN), Hamad   (OTHH), Abu Dhabi   (OMAA)","input":"="},"3":{"dayname":"Wednesday","date":"Mar 23","airports":"Singapore Changi   (WSSS), Manila (RPLL), Suvarnabhumi  (VTBS), Kai Tak (VHHX)","input":"WSSS/RPLL/VTBS/!Kai Tak (VHHX)"},"4":{"dayname":"Thursday","date":"Mar 24","airports":"London Heathrow  (EGLL), London City  (EGLC), London Stansted  (EGSS), London Gatwick  (EGKK)","input":"EGLL/EGLC/EGSS/EGKK"},"5":{"dayname":"Friday","date":"Mar 25","airports":"Santiago (SCEL), Malvinas Argentinas  (SAWH), El Tepual  (SCTE), Mataveri  (SCIP)","input":"SCEL/SAWH/SCTE/SCIP"},"6":{"dayname":"Saturday","date":"Mar 26","airports":"Toronto Pearson (CYYZ), Halifax / Stanfield   (CYHZ), Billy Bishop Toronto City Centre  (CYTZ), Boston (KBOS), Chicago Midway   (KMDW)","input":"CYYZ/CYHZ/CYTZ/KBOS/KMDW"},"7":{"dayname":"Sunday","date":"Mar 27","airports":"Brussels  (EBBR), Madrid Barajas   (LEMD), Geneva (LSGG), Malpensa   (LIMC)","input":"EBBR/LEMD/LSGG/LIMC"},"tableID":"Week4","tableDiv":"tableDiv4"},{"1":{"dayname":"Monday","date":"Mar 28","airports":"Philadelphia   (KPHL), Tampa   (KTPA), Charlotte Douglas   (KCLT), Atlanta (KATL)","input":"KPHL/KTPA/KCLT/KATL"},"2":{"dayname":"Tuesday","date":"Mar 29","airports":"Zurich  (LSZH), Frankfurt (EDDF), Munich   (EDDM), Charles de Gaulle   (LFPG), Eindhoven  (EHEH)","input":"LSZH/EDDF/EDDM/LFPG/EHEH"},"3":{"dayname":"Wednesday","date":"Mar 30","airports":"Abu Dhabi   (OMAA), Cairo   (HECA), Islamabad   (OPIS), Alama Iqbal   (OPLA)","input":"OMAA/HECA/OPIS/OPLA"},"4":{"dayname":"Thursday","date":"Mar 31","airports":"Beijing Capital   (ZBAA), Incheon   (RKSI), Kansai   (RJBB), Manila (RPLL)","input":"ZBAA/RKSI/RJBB/RPLL"},"5":{"dayname":"Friday","date":"Apr 1","airports":"Auckland   (NZAA), Honolulu   (PHNL), Los Angeles   (KLAX)","input":"NZAA/PHNL/KLAX"},"6":{"dayname":"Saturday","date":"Apr 2","airports":"Santos Dumont  (SBRJ), Sao Paulo Guarulhos (SBGR), Guararapes - Gilberto Freyre   (SBRF), Salgado Filho  (SBPA)","input":"SBRJ/SBGR/SBRF/SBPA"},"7":{"dayname":"Sunday","date":"Apr 3","airports":"Indira Gandhi   (VIDP), Abu Dhabi   (OMAA), Istanbul  (LTFM)","input":"VIDP/OMAA/LTFM"},"tableID":"Week5","tableDiv":"tableDiv5"}],"dailySchedule":{"Feb28":[{"icao":"PHNL","name":"Honolulu"},{"icao":"PHLI","name":"Lihue"},{"icao":"PHKO","name":"Kona"},{"icao":"KLAX","name":"Los Angeles"},{"icao":"KSJC","name":"San Jose"}],"Mar1":[{"icao":"RPLL","name":"Manila"},{"icao":"RPVI","name":"Iloilo"},{"icao":"RPVM","name":"Cebu"},{"icao":"VHHX","name":"Kai Tak"}],"Mar2":[{"icao":"GMMX","name":"Menara"},{"icao":"LPPR","name":"Porto"},{"icao":"EIDW","name":"Dublin"},{"icao":"EBBR","name":"Brussels"}],"Mar3":[{"icao":"FACT","name":"Cape Town"},{"icao":"FAOR","name":"Johannesburg"},{"icao":"HAAB","name":"Addis Ababa"}],"Mar4":[{"icao":"VTBS","name":"Suvarnabhumi"},{"icao":"RPLL","name":"Manila"},{"icao":"RPVI","name":"Iloilo"},{"icao":"RCKH","name":"Kaohsiung"},{"icao":"VMMC","name":"Macau"}],"Mar5":[{"icao":"BIKF","name":"Keflavik"},{"icao":"CYYZ","name":"Toronto Pearson"},{"icao":"KIAD","name":"Washington Dulles"},{"icao":"KBOS","name":"Boston"},{"icao":"EGKK","name":"London Gatwick"}],"Mar6":[{"icao":"KATL","name":"Atlanta"},{"icao":"KDAB","name":"Daytona Beach"},{"icao":"KCLT","name":"Charlotte Douglas"},{"icao":"KMYR","name":"Myrtle Beach"},{"icao":"KDCA","name":"Washington National"}],"Mar7":[{"icao":"VABB","name":"Mumbai"},{"icao":"OMDB","name":"Dubai"},{"icao":"VILH","name":"Leh"},{"icao":"OPKC","name":"Jinnah"}],"Mar8":[{"icao":"EHRD","name":"Rotterdam"},{"icao":"LDSP","name":"Split"},{"icao":"LEPA","name":"Palma De Mallorca"},{"icao":"LSGG","name":"Geneva"},{"icao":"LOWI","name":"Innsbruck"}],"Mar9":[{"icao":"UCFM","name":"Manas"},{"icao":"LTFJ","name":"Sabiha Gokcen"},{"icao":"UAAA","name":"Almaty"},{"icao":"OMDB","name":"Dubai"}],"Mar10":[{"icao":"CYYZ","name":"Toronto Pearson"},{"icao":"CYDF","name":"Deer Lake"},{"icao":"CYHZ","name":"Halifax / Stanfield"}],"Mar11":[{"icao":"KSAN","name":"San Diego"},{"icao":"KLAS","name":"McCarran"},{"icao":"KPSP","name":"Palm Springs"},{"icao":"KBUR","name":"Bob Hope"},{"icao":"KSNA","name":"John Wayne -Orange County"}],"Mar12":[{"icao":"NZAA","name":"Auckland"},{"icao":"RJTT","name":"Tokyo"},{"icao":"VTBS","name":"Suvarnabhumi"},{"icao":"WSSS","name":"Singapore Changi"},{"icao":"VABB","name":"Mumbai"}],"Mar13":[{"icao":"EGLL","name":"London Heathrow"},{"icao":"EHAM","name":"Amsterdam  Schiphol"},{"icao":"EKCH","name":"Copenhagen Kastrup"},{"icao":"EDDF","name":"Frankfurt"},{"icao":"LSZH","name":"Zurich"}],"Mar14":[{"icao":"LZKZ","name":"Kosice"},{"icao":"EGSS","name":"London Stansted"},{"icao":"LKPR","name":"Ruzyne"},{"icao":"EIDW","name":"Dublin"},{"icao":"EPWA","name":"Warsaw Chopin"}],"Mar15":[{"icao":"MGGT","name":"La Aurora"},{"icao":"MHTG","name":"Toncontin"},{"icao":"MSLP","name":"El Salvador"},{"icao":"MROC","name":"Juan Santamaria"},{"icao":"MMMX","name":"Mexico City"}],"Mar16":[{"icao":"OEJN","name":"King Abdulaziz"},{"icao":"LTFM","name":"Istanbul"},{"icao":"OTHH","name":"Hamad"}],"Mar17":[{"icao":"PAJN","name":"Juneau"},{"icao":"CYZP","name":"Sandspit"},{"icao":"PADQ","name":"Kodiak"},{"icao":"PANC","name":"Ted Stevens Anchorage"},{"icao":"KSEA","name":"Seattle Tacoma"}],"Mar18":[{"icao":"YSSY","name":"Sydney"},{"icao":"YSCB","name":"Canberra"},{"icao":"NZAA","name":"Auckland"},{"icao":"NZQN","name":"Queenstown"}],"Mar19":[{"icao":"LPMA","name":"Madeira"},{"icao":"LEPA","name":"Palma De Mallorca"},{"icao":"LGAV","name":"Athens"},{"icao":"LPPR","name":"Porto"},{"icao":"LCLK","name":"Larnaca"}],"Mar20":[{"icao":"KBWI","name":"Baltimore"},{"icao":"KDCA","name":"Washington National"},{"icao":"KIAD","name":"Washington Dulles"},{"icao":"KADW","name":"Andrews Air Force Base"}],"Mar21":[{"icao":"HAAB","name":"Addis Ababa"},{"icao":"OMDB","name":"Dubai"},{"icao":"OEJN","name":"King Abdulaziz"},{"icao":"OTHH","name":"Hamad"},{"icao":"OMAA","name":"Abu Dhabi"}],"Mar22":[{"icao":"HAAB","name":"Addis Ababa"},{"icao":"OMDB","name":"Dubai"},{"icao":"OEJN","name":"King Abdulaziz"},{"icao":"OTHH","name":"Hamad"},{"icao":"OMAA","name":"Abu Dhabi"}],"Mar23":[{"icao":"WSSS","name":"Singapore Changi"},{"icao":"RPLL","name":"Manila"},{"icao":"VTBS","name":"Suvarnabhumi"},{"icao":"VHHX","name":"Kai Tak"}],"Mar24":[{"icao":"EGLL","name":"London Heathrow"},{"icao":"EGLC","name":"London City"},{"icao":"EGSS","name":"London Stansted"},{"icao":"EGKK","name":"London Gatwick"}],"Mar25":[{"icao":"SCEL","name":"Santiago"},{"icao":"SAWH","name":"Malvinas Argentinas"},{"icao":"SCTE","name":"El Tepual"},{"icao":"SCIP","name":"Mataveri"}],"Mar26":[{"icao":"CYYZ","name":"Toronto Pearson"},{"icao":"CYHZ","name":"Halifax / Stanfield"},{"icao":"CYTZ","name":"Billy Bishop Toronto City Centre"},{"icao":"KBOS","name":"Boston"},{"icao":"KMDW","name":"Chicago Midway"}],"Mar27":[{"icao":"EBBR","name":"Brussels"},{"icao":"LEMD","name":"Madrid Barajas"},{"icao":"LSGG","name":"Geneva"},{"icao":"LIMC","name":"Malpensa"}],"Mar28":[{"icao":"KPHL","name":"Philadelphia"},{"icao":"KTPA","name":"Tampa"},{"icao":"KCLT","name":"Charlotte Douglas"},{"icao":"KATL","name":"Atlanta"}],"Mar29":[{"icao":"LSZH","name":"Zurich"},{"icao":"EDDF","name":"Frankfurt"},{"icao":"EDDM","name":"Munich"},{"icao":"LFPG","name":"Charles de Gaulle"},{"icao":"EHEH","name":"Eindhoven"}],"Mar30":[{"icao":"OMAA","name":"Abu Dhabi"},{"icao":"HECA","name":"Cairo"},{"icao":"OPIS","name":"Islamabad"},{"icao":"OPLA","name":"Alama Iqbal"}],"Mar31":[{"icao":"ZBAA","name":"Beijing Capital"},{"icao":"RKSI","name":"Incheon"},{"icao":"RJBB","name":"Kansai"},{"icao":"RPLL","name":"Manila"}],"Apr1":[{"icao":"NZAA","name":"Auckland"},{"icao":"PHNL","name":"Honolulu"},{"icao":"KLAX","name":"Los Angeles"}],"Apr2":[{"icao":"SBRJ","name":"Santos Dumont"},{"icao":"SBGR","name":"Sao Paulo Guarulhos"},{"icao":"SBRF","name":"Guararapes - Gilberto Freyre"},{"icao":"SBPA","name":"Salgado Filho"}],"Apr3":[{"icao":"VIDP","name":"Indira Gandhi"},{"icao":"OMAA","name":"Abu Dhabi"},{"icao":"LTFM","name":"Istanbul"}]}}