{"month":{"name":"May","index":"4","year":2022},"schedule":[{"1":{"dayname":"Monday","date":"Apr 25","airports":"King Abdulaziz   (OEJN), Cairo   (HECA), Queen Alia   (OJAI), King Khaled   (OERK), Abu Dhabi   (OMAA)","input":"OEJN/HECA/OJAI/OERK/OMAA"},"2":{"dayname":"Tuesday","date":"Apr 26","airports":"Split  (LDSP), Vienna   (LOWW), Warsaw Chopin  (EPWA), Rotterdam  (EHRD), Sarajevo   (LQSA)","input":"LDSP/LOWW/EPWA/EHRD/LQSA"},"3":{"dayname":"Wednesday","date":"Apr 27","airports":"Tokyo   (RJTT), Fukuoka  (RJFF), Gimhae   (RKPK), Kansai   (RJBB), New Chitose  (RJCC)","input":"RJTT/RJFF/RKPK/RJBB/RJCC"},"4":{"dayname":"Thursday","date":"Apr 28","airports":"Sydney (YSSY), Perth   (YPPH), Melbourne   (YMML), Canberra   (YSCB), Alice Springs  (YBAS)","input":"YSSY/YPPH/YMML/YSCB/YBAS"},"5":{"dayname":"Friday","date":"Apr 29","airports":"Bergen  Flesland (ENBR), Stockholm-Arlanda  (ESSA), Copenhagen Kastrup  (EKCH), Oslo Gardermoen  (ENGM), Trondheim  Vaernes (ENVA)","input":"ENBR/ESSA/EKCH/ENGM/ENVA"},"6":{"dayname":"Saturday","date":"Apr 30","airports":"Event #E1, Philadelphia   (KPHL), Boston (KBOS), La Guardia  (KLGA), Washington National (KDCA), Tampa   (KTPA)","input":"#E1/KPHL/KBOS/KLGA/KDCA/KTPA"},"7":{"dayname":"Sunday","date":"May 1","airports":"Manila (RPLL), Davao City (RPMD), Cebu (RPVM), Diosdado Macapagal   (RPLC)","input":"RPLL/RPMD/RPVM/RPLC"},"tableID":"Week1","tableDiv":"tableDiv1"},{"1":{"dayname":"Monday","date":"May 2","airports":"Athens (LGAV), Leonardo Da Vinci (Fiumicino)   (LIRF), Toulouse-Blagnac  (LFBO), Charles de Gaulle   (LFPG), Nice-Cote d'Azur  (LFMN)","input":"LGAV/LIRF/LFBO/LFPG/LFMN"},"2":{"dayname":"Tuesday","date":"May 3","airports":"Hong Kong (VHHH), Tan Son Nhat   (VVTS), Singapore Changi   (WSSS), Kaohsiung   (RCKH), Incheon   (RKSI)","input":"VHHH/VVTS/WSSS/RCKH/RKSI"},"3":{"dayname":"Wednesday","date":"May 4","airports":"Jomo Kenyatta   (HKJK), Kigali   (HRYR), Addis Ababa (HAAB), Dubai   (OMDB), Johannesburg (FAOR)","input":"HKJK/HRYR/HAAB/OMDB/FAOR"},"4":{"dayname":"Thursday","date":"May 5","airports":"Jackson Hole  (KJAC), Denver   (KDEN), Santa Monica Municipal  (KSMO), Centennial  (KAPA), Seattle Tacoma   (KSEA)","input":"KJAC/KDEN/KSMO/KAPA/KSEA"},"5":{"dayname":"Friday","date":"May 6","airports":"Presidente Juscelino Kubistschek   (SBBR), Santos Dumont  (SBRJ), Eduardo Gomes   (SBEG), Sao Paulo Guarulhos (SBGR), Salgado Filho  (SBPA)","input":"SBBR/SBRJ/SBEG/SBGR/SBPA"},"6":{"dayname":"Saturday","date":"May 7","airports":"Event #E2, King Abdulaziz   (OEJN), King Khaled   (OERK), King Fahd   (OEDF), Prince Mohammad Bin Abdulaziz  (OEMA)","input":"#E2/OEJN/OERK/OEDF/OEMA"},"7":{"dayname":"Sunday","date":"May 8","airports":"Event #E3, Abu Dhabi   (OMAA), Kuwait   (OKBK), Mumbai (VABB), Istanbul  (LTFM), Muscat   (OOMS)","input":"#E3/OMAA/OKBK/VABB/LTFM/OOMS"},"tableID":"Week2","tableDiv":"tableDiv2"},{"1":{"dayname":"Monday","date":"May 9","airports":"Beijing Capital   (ZBAA), Dunhuang  (ZLDH), Wuhan Tianhe   (ZHHH), Chengdu Shuangliu   (ZUUU)","input":"ZBAA/ZLDH/ZHHH/ZUUU"},"2":{"dayname":"Tuesday","date":"May 10","airports":"Maharana Pratap  (VAUD), Mumbai (VABB), Indira Gandhi   (VIDP), Hyderabad (VOHS)","input":"VAUD/VABB/VIDP/VOHS"},"3":{"dayname":"Wednesday","date":"May 11","airports":"Montreal / Pierre Elliott Trudeau   (CYUL), St. John's   (CYYT), Halifax / Stanfield   (CYHZ), Boston (KBOS), John F Kennedy   (KJFK)","input":"CYUL/CYYT/CYHZ/KBOS/KJFK"},"4":{"dayname":"Thursday","date":"May 12","airports":"Jorge Newbery Airpark (SABE), Santiago (SCEL), El Loa  (SCCF)","input":"SABE/SCEL/SCCF"},"5":{"dayname":"Friday","date":"May 13","airports":"Johannesburg (FAOR), Cape Town   (FACT), King Shaka   (FALE)","input":"FAOR/FACT/FALE"},"6":{"dayname":"Saturday","date":"May 14","airports":"Event #E4, Jakarta (WIII), Ngurah Rai (Bali)   (WADD), Juanda   (WARR), Yogyakarta (WAHI), Sepinggan   (WALL), Achmad Yani (WAHS)","input":"#E4/WIII/WADD/WARR/!Yogyakarta (WAHI)/WALL/!Achmad Yani (WAHS)"},"7":{"dayname":"Sunday","date":"May 15","airports":"Albany   (KALB), Baltimore (KBWI), Chicago Midway   (KMDW), Philadelphia   (KPHL), Washington National (KDCA)","input":"KALB/KBWI/KMDW/KPHL/KDCA"},"tableID":"Week3","tableDiv":"tableDiv3"},{"1":{"dayname":"Monday","date":"May 16","airports":"Tokyo   (RJTT), Aomori  (RJSA), Incheon   (RKSI), New Chitose  (RJCC)","input":"RJTT/RJSA/RKSI/RJCC"},"2":{"dayname":"Tuesday","date":"May 17","airports":"Leonardo Da Vinci (Fiumicino)   (LIRF), Florence (LIRQ), Venice (LIPZ), Genoa (LIMJ)","input":"LIRF/LIRQ/LIPZ/LIMJ"},"3":{"dayname":"Wednesday","date":"May 18","airports":"Enrique Malek   (MPDA), Marcos A. Gelabert   (MPMG), Tocumen   (MPTO), Howard/Panama Pacifico   (MPPA), Juan Santamaria   (MROC)","input":"MPDA/MPMG/MPTO/MPPA/MROC"},"4":{"dayname":"Thursday","date":"May 19","airports":"Los Angeles   (KLAX), Phoenix Sky Harbor   (KPHX), McCarran   (KLAS), Bob Hope  (KBUR), San Francisco   (KSFO)","input":"KLAX/KPHX/KLAS/KBUR/KSFO"},"5":{"dayname":"Friday","date":"May 20","airports":"Hamad   (OTHH), Hong Kong (VHHH), Istanbul  (LTFM)","input":"OTHH/VHHH/LTFM"},"6":{"dayname":"Saturday","date":"May 21","airports":"Event #E5, Honolulu   (PHNL), Lihue  (PHLI), Kahului  (PHOG), Kona (PHKO), Hilo   (PHTO)","input":"#E5/PHNL/PHLI/PHOG/PHKO/PHTO"},"7":{"dayname":"Sunday","date":"May 22","airports":"Riga   (EVRA), Vienna   (LOWW), Stockholm-Arlanda  (ESSA), Copenhagen Kastrup  (EKCH), Munich   (EDDM)","input":"EVRA/LOWW/ESSA/EKCH/EDDM"},"tableID":"Week4","tableDiv":"tableDiv4"},{"1":{"dayname":"Monday","date":"May 23","airports":"Mexico City (MMMX), Bogota (SKBO), Los Angeles   (KLAX), Madrid Barajas   (LEMD)","input":"MMMX/SKBO/KLAX/LEMD"},"2":{"dayname":"Tuesday","date":"May 24","airports":"Porto (LPPR), Lisbon Portela  (LPPT), Madeira  (LPMA), Barcelona   (LEBL)","input":"LPPR/LPPT/LPMA/LEBL"},"3":{"dayname":"Wednesday","date":"May 25","airports":"Sydney (YSSY), Auckland   (NZAA), Tahiti (NTAA), Adelaide   (YPAD), Canberra   (YSCB)","input":"YSSY/NZAA/NTAA/YPAD/YSCB"},"4":{"dayname":"Thursday","date":"May 26","airports":"Yogyakarta (WAHI), Jakarta (WIII), Manila (RPLL), Davao City (RPMD), Hong Kong (VHHH)","input":"WAHI/WIII/RPLL/RPMD/VHHH"},"5":{"dayname":"Friday","date":"May 27","airports":"London Heathrow  (EGLL), Brussels  (EBBR), Keflavik   (BIKF), Amsterdam  Schiphol (EHAM), Toulouse-Blagnac  (LFBO)","input":"EGLL/EBBR/BIKF/EHAM/LFBO"},"6":{"dayname":"Saturday","date":"May 28","airports":"Atlanta (KATL), Nashville   (KBNA), Daytona Beach   (KDAB), Tampa   (KTPA), Southwest Florida   (KRSW)","input":"KATL/KBNA/KDAB/KTPA/KRSW"},"7":{"dayname":"Sunday","date":"May 29","airports":"Event #E6, Charles de Gaulle   (LFPG), Paris-Orly  (LFPO), Hamburg  (EDDH), Ruzyne   (LKPR), Warsaw Chopin  (EPWA)","input":"#E6/LFPG/LFPO/EDDH/LKPR/EPWA"},"tableID":"Week5","tableDiv":"tableDiv5"},{"1":{"dayname":"Monday","date":"May 30","airports":"Almaty  (UAAA), Baku (UBBB), Manas   (UCFM), Istanbul  (LTFM), Antalya   (LTAI)","input":"UAAA/UBBB/UCFM/LTFM/LTAI"},"2":{"dayname":"Tuesday","date":"May 31","airports":"Gibraltar  (LXGB), London Gatwick  (EGKK), Manchester  (EGCC), Edinburgh  (EGPH), Bristol   (EGGD)","input":"LXGB/EGKK/EGCC/EGPH/EGGD"},"3":{"dayname":"Wednesday","date":"Jun 1","airports":"Billy Bishop Toronto City Centre  (CYTZ), Albany   (KALB), Westchester County  (KHPN), Stewart   (KSWF)","input":"CYTZ/KALB/KHPN/KSWF"},"4":{"dayname":"Thursday","date":"Jun 2","airports":"Chennai (VOMM), Bandaranaike  Colombo  (VCBI), Bengaluru   (VOBL), Mumbai (VABB), Kolkata (VECC)","input":"VOMM/VCBI/VOBL/VABB/VECC"},"5":{"dayname":"Friday","date":"Jun 3","airports":"Lima (SPJC), Santiago (SCEL), Alejandro Velasco Astete   (SPZO), El Loa  (SCCF), Jorge Newbery Airpark (SABE)","input":"SPJC/SCEL/SPZO/SCCF/SABE"},"6":{"dayname":"Saturday","date":"Jun 4","airports":"Jomo Kenyatta   (HKJK), Frankfurt (EDDF), Mombasa Moi   (HKMO), Kotoka   (DGAA), Addis Ababa (HAAB)","input":"HKJK/EDDF/HKMO/DGAA/HAAB"},"7":{"dayname":"Sunday","date":"Jun 5","airports":"Leeds Bradford  (EGNM), Amsterdam  Schiphol (EHAM), Dublin  (EIDW), Palma De Mallorca  (LEPA), Leonardo Da Vinci (Fiumicino)   (LIRF)","input":"EGNM/EHAM/EIDW/LEPA/LIRF"},"tableID":"Week6","tableDiv":"tableDiv6"}],"dailySchedule":{"Apr25":[{"icao":"OEJN","name":"King Abdulaziz"},{"icao":"HECA","name":"Cairo"},{"icao":"OJAI","name":"Queen Alia"},{"icao":"OERK","name":"King Khaled"},{"icao":"OMAA","name":"Abu Dhabi"}],"Apr26":[{"icao":"LDSP","name":"Split"},{"icao":"LOWW","name":"Vienna"},{"icao":"EPWA","name":"Warsaw Chopin"},{"icao":"EHRD","name":"Rotterdam"},{"icao":"LQSA","name":"Sarajevo"}],"Apr27":[{"icao":"RJTT","name":"Tokyo"},{"icao":"RJFF","name":"Fukuoka"},{"icao":"RKPK","name":"Gimhae"},{"icao":"RJBB","name":"Kansai"},{"icao":"RJCC","name":"New Chitose"}],"Apr28":[{"icao":"YSSY","name":"Sydney"},{"icao":"YPPH","name":"Perth"},{"icao":"YMML","name":"Melbourne"},{"icao":"YSCB","name":"Canberra"},{"icao":"YBAS","name":"Alice Springs"}],"Apr29":[{"icao":"ENBR","name":"Bergen  Flesland"},{"icao":"ESSA","name":"Stockholm-Arlanda"},{"icao":"EKCH","name":"Copenhagen Kastrup"},{"icao":"ENGM","name":"Oslo Gardermoen"},{"icao":"ENVA","name":"Trondheim  Vaernes"}],"Apr30":[{"icao":"KPHL","name":"Philadelphia"},{"icao":"KBOS","name":"Boston"},{"icao":"KLGA","name":"La Guardia"},{"icao":"KDCA","name":"Washington National"},{"icao":"KTPA","name":"Tampa"}],"May1":[{"icao":"RPLL","name":"Manila"},{"icao":"RPMD","name":"Davao City"},{"icao":"RPVM","name":"Cebu"},{"icao":"RPLC","name":"Diosdado Macapagal"}],"May2":[{"icao":"LGAV","name":"Athens"},{"icao":"Fiumicino","name":"Leonardo Da Vinci"},{"icao":"LFBO","name":"Toulouse-Blagnac"},{"icao":"LFPG","name":"Charles de Gaulle"},{"icao":"LFMN","name":"Nice-Cote d'Azur"}],"May3":[{"icao":"VHHH","name":"Hong Kong"},{"icao":"VVTS","name":"Tan Son Nhat"},{"icao":"WSSS","name":"Singapore Changi"},{"icao":"RCKH","name":"Kaohsiung"},{"icao":"RKSI","name":"Incheon"}],"May4":[{"icao":"HKJK","name":"Jomo Kenyatta"},{"icao":"HRYR","name":"Kigali"},{"icao":"HAAB","name":"Addis Ababa"},{"icao":"OMDB","name":"Dubai"},{"icao":"FAOR","name":"Johannesburg"}],"May5":[{"icao":"KJAC","name":"Jackson Hole"},{"icao":"KDEN","name":"Denver"},{"icao":"KSMO","name":"Santa Monica Municipal"},{"icao":"KAPA","name":"Centennial"},{"icao":"KSEA","name":"Seattle Tacoma"}],"May6":[{"icao":"SBBR","name":"Presidente Juscelino Kubistschek"},{"icao":"SBRJ","name":"Santos Dumont"},{"icao":"SBEG","name":"Eduardo Gomes"},{"icao":"SBGR","name":"Sao Paulo Guarulhos"},{"icao":"SBPA","name":"Salgado Filho"}],"May7":[{"icao":"OEJN","name":"King Abdulaziz"},{"icao":"OERK","name":"King Khaled"},{"icao":"OEDF","name":"King Fahd"},{"icao":"OEMA","name":"Prince Mohammad Bin Abdulaziz"}],"May8":[{"icao":"OMAA","name":"Abu Dhabi"},{"icao":"OKBK","name":"Kuwait"},{"icao":"VABB","name":"Mumbai"},{"icao":"LTFM","name":"Istanbul"},{"icao":"OOMS","name":"Muscat"}],"May9":[{"icao":"ZBAA","name":"Beijing Capital"},{"icao":"ZLDH","name":"Dunhuang"},{"icao":"ZHHH","name":"Wuhan Tianhe"},{"icao":"ZUUU","name":"Chengdu Shuangliu"}],"May10":[{"icao":"VAUD","name":"Maharana Pratap"},{"icao":"VABB","name":"Mumbai"},{"icao":"VIDP","name":"Indira Gandhi"},{"icao":"VOHS","name":"Hyderabad"}],"May11":[{"icao":"CYUL","name":"Montreal / Pierre Elliott Trudeau"},{"icao":"CYYT","name":"St. John's"},{"icao":"CYHZ","name":"Halifax / Stanfield"},{"icao":"KBOS","name":"Boston"},{"icao":"KJFK","name":"John F Kennedy"}],"May12":[{"icao":"SABE","name":"Jorge Newbery Airpark"},{"icao":"SCEL","name":"Santiago"},{"icao":"SCCF","name":"El Loa"}],"May13":[{"icao":"FAOR","name":"Johannesburg"},{"icao":"FACT","name":"Cape Town"},{"icao":"FALE","name":"King Shaka"}],"May14":[{"icao":"WIII","name":"Jakarta"},{"icao":"Bali","name":"Ngurah Rai"},{"icao":"WARR","name":"Juanda"},{"icao":"WAHI","name":"Yogyakarta"},{"icao":"WALL","name":"Sepinggan"},{"icao":"WAHS","name":"Achmad Yani"}],"May15":[{"icao":"KALB","name":"Albany"},{"icao":"KBWI","name":"Baltimore"},{"icao":"KMDW","name":"Chicago Midway"},{"icao":"KPHL","name":"Philadelphia"},{"icao":"KDCA","name":"Washington National"}],"May16":[{"icao":"RJTT","name":"Tokyo"},{"icao":"RJSA","name":"Aomori"},{"icao":"RKSI","name":"Incheon"},{"icao":"RJCC","name":"New Chitose"}],"May17":[{"icao":"Fiumicino","name":"Leonardo Da Vinci"},{"icao":"LIRQ","name":"Florence"},{"icao":"LIPZ","name":"Venice"},{"icao":"LIMJ","name":"Genoa"}],"May18":[{"icao":"MPDA","name":"Enrique Malek"},{"icao":"MPMG","name":"Marcos A. Gelabert"},{"icao":"MPTO","name":"Tocumen"},{"icao":"MPPA","name":"Howard/Panama Pacifico"},{"icao":"MROC","name":"Juan Santamaria"}],"May19":[{"icao":"KLAX","name":"Los Angeles"},{"icao":"KPHX","name":"Phoenix Sky Harbor"},{"icao":"KLAS","name":"McCarran"},{"icao":"KBUR","name":"Bob Hope"},{"icao":"KSFO","name":"San Francisco"}],"May20":[{"icao":"OTHH","name":"Hamad"},{"icao":"VHHH","name":"Hong Kong"},{"icao":"LTFM","name":"Istanbul"}],"May21":[{"icao":"PHNL","name":"Honolulu"},{"icao":"PHLI","name":"Lihue"},{"icao":"PHOG","name":"Kahului"},{"icao":"PHKO","name":"Kona"},{"icao":"PHTO","name":"Hilo"}],"May22":[{"icao":"EVRA","name":"Riga"},{"icao":"LOWW","name":"Vienna"},{"icao":"ESSA","name":"Stockholm-Arlanda"},{"icao":"EKCH","name":"Copenhagen Kastrup"},{"icao":"EDDM","name":"Munich"}],"May23":[{"icao":"MMMX","name":"Mexico City"},{"icao":"SKBO","name":"Bogota"},{"icao":"KLAX","name":"Los Angeles"},{"icao":"LEMD","name":"Madrid Barajas"}],"May24":[{"icao":"LPPR","name":"Porto"},{"icao":"LPPT","name":"Lisbon Portela"},{"icao":"LPMA","name":"Madeira"},{"icao":"LEBL","name":"Barcelona"}],"May25":[{"icao":"YSSY","name":"Sydney"},{"icao":"NZAA","name":"Auckland"},{"icao":"NTAA","name":"Tahiti"},{"icao":"YPAD","name":"Adelaide"},{"icao":"YSCB","name":"Canberra"}],"May26":[{"icao":"WAHI","name":"Yogyakarta"},{"icao":"WIII","name":"Jakarta"},{"icao":"RPLL","name":"Manila"},{"icao":"RPMD","name":"Davao City"},{"icao":"VHHH","name":"Hong Kong"}],"May27":[{"icao":"EGLL","name":"London Heathrow"},{"icao":"EBBR","name":"Brussels"},{"icao":"BIKF","name":"Keflavik"},{"icao":"EHAM","name":"Amsterdam  Schiphol"},{"icao":"LFBO","name":"Toulouse-Blagnac"}],"May28":[{"icao":"KATL","name":"Atlanta"},{"icao":"KBNA","name":"Nashville"},{"icao":"KDAB","name":"Daytona Beach"},{"icao":"KTPA","name":"Tampa"},{"icao":"KRSW","name":"Southwest Florida"}],"May29":[{"icao":"LFPG","name":"Charles de Gaulle"},{"icao":"LFPO","name":"Paris-Orly"},{"icao":"EDDH","name":"Hamburg"},{"icao":"LKPR","name":"Ruzyne"},{"icao":"EPWA","name":"Warsaw Chopin"}],"May30":[{"icao":"UAAA","name":"Almaty"},{"icao":"UBBB","name":"Baku"},{"icao":"UCFM","name":"Manas"},{"icao":"LTFM","name":"Istanbul"},{"icao":"LTAI","name":"Antalya"}],"May31":[{"icao":"LXGB","name":"Gibraltar"},{"icao":"EGKK","name":"London Gatwick"},{"icao":"EGCC","name":"Manchester"},{"icao":"EGPH","name":"Edinburgh"},{"icao":"EGGD","name":"Bristol"}],"Jun1":[{"icao":"CYTZ","name":"Billy Bishop Toronto City Centre"},{"icao":"KALB","name":"Albany"},{"icao":"KHPN","name":"Westchester County"},{"icao":"KSWF","name":"Stewart"}],"Jun2":[{"icao":"VOMM","name":"Chennai"},{"icao":"VCBI","name":"Bandaranaike  Colombo"},{"icao":"VOBL","name":"Bengaluru"},{"icao":"VABB","name":"Mumbai"},{"icao":"VECC","name":"Kolkata"}],"Jun3":[{"icao":"SPJC","name":"Lima"},{"icao":"SCEL","name":"Santiago"},{"icao":"SPZO","name":"Alejandro Velasco Astete"},{"icao":"SCCF","name":"El Loa"},{"icao":"SABE","name":"Jorge Newbery Airpark"}],"Jun4":[{"icao":"HKJK","name":"Jomo Kenyatta"},{"icao":"EDDF","name":"Frankfurt"},{"icao":"HKMO","name":"Mombasa Moi"},{"icao":"DGAA","name":"Kotoka"},{"icao":"HAAB","name":"Addis Ababa"}],"Jun5":[{"icao":"EGNM","name":"Leeds Bradford"},{"icao":"EHAM","name":"Amsterdam  Schiphol"},{"icao":"EIDW","name":"Dublin"},{"icao":"LEPA","name":"Palma De Mallorca"},{"icao":"Fiumicino","name":"Leonardo Da Vinci"}]},"events":[{"id":"E1","day":"Apr 30","title":"The Philly Flyout","link":"https://community.infiniteflight.com/t/30apr22-1700z-the-philly-flyout-kphl/675116?u=tyler_shelton"},{"id":"E2","day":"May 7","title":"Saudia Virtual Anniversary","link":"https://community.infiniteflight.com/t/07may22-1600z-saudia-virtuals-1st-anniversary-oejn-oerk/671512"},{"id":"E3","day":"May 8","title":"Etihad Virtual Anniversary","link":"https://community.infiniteflight.com/t/08may2022-1700z-eyvas-1st-anniversary-event-with-kostas-k-from-abu-dhabi-to-the-world-omaa/675992"},{"id":"E4","day":"May 14","title":"IFATC Indonesian Takeover","link":"https://community.infiniteflight.com/t/14may22-1700z-ifatc-takeover-the-islands-of-indonesia/674702"},{"id":"E5","day":"May 21","title":"IFATC Leadership Event","link":"www.if-atc.com"},{"id":"E6","day":"May 29","title":"French Open Fly-In","link":"https://community.infiniteflight.com/t/29may22-0600z-french-open-fly-in-lfpg-lfpo/676395?u=tyler_shelton"}]}