{"month":{"name":"November","index":"10","year":2021},"schedule":[{"1":{"dayname":"Monday","date":"Nov 1","airports":"","input":""},"2":{"dayname":"Tuesday","date":"Nov 2","airports":"","input":""},"3":{"dayname":"Wednesday","date":"Nov 3","airports":"","input":""},"4":{"dayname":"Thursday","date":"Nov 4","airports":"","input":""},"5":{"dayname":"Friday","date":"Nov 5","airports":"Friday Night Flight TBD","input":""},"6":{"dayname":"Saturday","date":"Nov 6","airports":"","input":""},"7":{"dayname":"Sunday","date":"Nov 7","airports":"","input":""},"tableID":"Week1","tableDiv":"tableDiv1"},{"1":{"dayname":"Monday","date":"Nov 8","airports":"","input":""},"2":{"dayname":"Tuesday","date":"Nov 9","airports":"","input":""},"3":{"dayname":"Wednesday","date":"Nov 10","airports":"","input":""},"4":{"dayname":"Thursday","date":"Nov 11","airports":"","input":""},"5":{"dayname":"Friday","date":"Nov 12","airports":"Friday Night Flight TBD","input":""},"6":{"dayname":"Saturday","date":"Nov 13","airports":"","input":""},"7":{"dayname":"Sunday","date":"Nov 14","airports":"","input":""},"tableID":"Week2","tableDiv":"tableDiv2"},{"1":{"dayname":"Monday","date":"Nov 15","airports":"Incheon   (RKSI), Tokyo   (RJTT), Detroit Metro (KDTW), Minneapolis-St Paul (KMSP)","input":"RKSI/RJTT/!Detroit Metro (KDTW)/!Minneapolis-St Paul (KMSP)"},"2":{"dayname":"Tuesday","date":"Nov 16","airports":"Indira Gandhi   (VIDP), Leh Kushok Bakula Rimpochee  (VILH), Goa (VOGO)","input":"VIDP/VILH/!Goa (VOGO)"},"3":{"dayname":"Wednesday","date":"Nov 17","airports":"Auckland   (NZAA), Queenstown   (NZQN), Dunedin  (NZDN), Wellington   (NZWN)","input":"NZAA/NZQN/NZDN/NZWN"},"4":{"dayname":"Thursday","date":"Nov 18","airports":"Toronto (CYYZ), Vancouver   (CYVR), Calgary   (CYYC), Kelowna  (CYLW)","input":"!Toronto (CYYZ)/CYVR/CYYC/CYLW"},"5":{"dayname":"Friday","date":"Nov 19","airports":"Friday Night Flight TBD","input":"FNF"},"6":{"dayname":"Saturday","date":"Nov 20","airports":"Baku (UBBB), Domodedovo   (UUDD), Istanbul  (LTFM), Ankara (LTAC), Sochi   (URSS)","input":"!Baku (UBBB)/UUDD/LTFM/!Ankara (LTAC)/URSS"},"7":{"dayname":"Sunday","date":"Nov 21","airports":"Baku (UBBB), Domodedovo   (UUDD), Istanbul  (LTFM), Ankara (LTAC), Sochi   (URSS)","input":"="},"tableID":"Week3","tableDiv":"tableDiv3"},{"1":{"dayname":"Monday","date":"Nov 22","airports":"Seattle Tacoma   (KSEA), Juneau   (PAJN), Anchorage (PANC), Phoenix (KPHX), Las Vegas (KLAS)","input":"KSEA/PAJN/!Anchorage (PANC)/!Phoenix (KPHX)/!Las Vegas (KLAS)"},"2":{"dayname":"Tuesday","date":"Nov 23","airports":"San Diego   (KSAN), Puetro Vallarta (MMPR), Los Cabos   (MMSD)","input":"KSAN/!Puetro Vallarta (MMPR)/MMSD"},"3":{"dayname":"Wednesday","date":"Nov 24","airports":"Frankfurt am Main   (EDDF), Munich   (EDDM), Berlin Brandonburg (EDDB), Hamburg  (EDDH), Genoa (LIMJ)","input":"EDDF/EDDM/!Berlin Brandonburg (EDDB)/EDDH/!Genoa (LIMJ)"},"4":{"dayname":"Thursday","date":"Nov 25","airports":"Copenhagen (EKCH), Stockholm-Arlanda  (ESSA), Brussels  (EBBR), Bergen (ENBR)","input":"!Copenhagen (EKCH)/ESSA/EBBR/!Bergen (ENBR)"},"5":{"dayname":"Friday","date":"Nov 26","airports":"Friday Night Flight TBD","input":""},"6":{"dayname":"Saturday","date":"Nov 27","airports":"Jakarta (WIII), Yogyakarta (WAHI), Singapore Changi   (WSSS), Sydney (YSSY), Gold Coast  (YBCG)","input":"!Jakarta (WIII)/!Yogyakarta (WAHI)/WSSS/!Sydney (YSSY)/YBCG"},"7":{"dayname":"Sunday","date":"Nov 28","airports":"Los Angeles   (KLAX), Honolulu   (PHNL), San Francisco   (KSFO), Kahului  (PHOG), Hilo   (PHTO)","input":"KLAX/PHNL/KSFO/PHOG/PHTO"},"tableID":"Week4","tableDiv":"tableDiv4"},{"1":{"dayname":"Monday","date":"Nov 29","airports":"Geneva (LSGG), Sion  (LSGS), Innsbruck  (LOWI), Basel (LFSB), Bern Belp  (LSZB)","input":"!Geneva (LSGG)/LSGS/LOWI/!Basel (LFSB)/LSZB"},"2":{"dayname":"Tuesday","date":"Nov 30","airports":"Manila (RPLL), Cebu (RPVM), Davao City (RPMD), Macau   (VMMC)","input":"!Manila (RPLL)/!Cebu (RPVM)/!Davao City (RPMD)/VMMC"},"3":{"dayname":"Wednesday","date":"Dec 1","airports":"Nellis Air Force Base (KLSV), Luke Air Force Base (KLUF), Travis Air Force Base (KSUU), Charleston (KCHS), McGuire (KWRI)","input":"KLSV/KLUF/KSUU/!Charleston (KCHS)/!McGuire (KWRI)"},"4":{"dayname":"Thursday","date":"Dec 2","airports":"Manchester  (EGCC), Gibraltar  (LXGB), Edinburgh  (EGPH), Bristol   (EGGD), London Gatwick  (EGKK)","input":"EGCC/LXGB/EGPH/EGGD/EGKK"},"5":{"dayname":"Friday","date":"Dec 3","airports":"Friday Night Flight TBD","input":"FNF"},"6":{"dayname":"Saturday","date":"Dec 4","airports":"Baltimore (KBWI), Charlotte (KCLT), Cancun   (MMUN), Long Island (KISP), Charleston (KCHS)","input":"!Baltimore (KBWI)/!Charlotte (KCLT)/MMUN/!Long Island (KISP)/!Charleston (KCHS)"},"7":{"dayname":"Sunday","date":"Dec 5","airports":"Mumbai (VABB), Chennai   (VOMM), Ahmedabad (VAAH), Kolkata (VECC), Hyderabad (VOHS)","input":"!Mumbai (VABB)/VOMM/!Ahmedabad (VAAH)/!Kolkata (VECC)/!Hyderabad (VOHS)"},"tableID":"Week5","tableDiv":"tableDiv5"}],"dailySchedule":{"Nov1":[],"Nov2":[],"Nov3":[],"Nov4":[],"Nov5":["FNF"],"Nov6":[],"Nov7":[],"Nov8":[],"Nov9":[],"Nov10":[],"Nov11":[],"Nov12":["FNF"],"Nov13":[],"Nov14":[],"Nov15":["RKSI","RJTT","KDTW","KMSP"],"Nov16":["VIDP","VILH","VOGO"],"Nov17":["NZAA","NZQN","NZDN","NZWN"],"Nov18":["CYYZ","CYVR","CYYC","CYLW"],"Nov19":["FNF"],"Nov20":["UBBB","UUDD","LTFM","LTAC","URSS"],"Nov21":["UBBB","UUDD","LTFM","LTAC","URSS"],"Nov22":["KSEA","PAJN","PANC","KPHX","KLAS"],"Nov23":["KSAN","MMPR","MMSD"],"Nov24":["EDDF","EDDM","EDDB","EDDH","LIMJ"],"Nov25":["EKCH","ESSA","EBBR","ENBR"],"Nov26":["FNF"],"Nov27":["WIII","WAHI","WSSS","YSSY","YBCG"],"Nov28":["KLAX","PHNL","KSFO","PHOG","PHTO"],"Nov29":["LSGG","LSGS","LOWI","LFSB","LSZB"],"Nov30":["RPLL","RPVM","RPMD","VMMC"],"Dec1":["KLSV","KLUF","KSUU","KCHS","KWRI"],"Dec2":["EGCC","LXGB","EGPH","EGGD","EGKK"],"Dec3":["FNF"],"Dec4":["KBWI","KCLT","MMUN","KISP","KCHS"],"Dec5":["VABB","VOMM","VAAH","VECC","VOHS"]}}